survived,pclass,sex_numeric,embarked_numeric,cabin_numeric,sibsp,parch,fare,age,target
1.0,1.0,1.0,1.0,2.0,0.0,0.0,211.3375,29.0,S
1.0,1.0,0.0,1.0,3.0,1.0,2.0,151.55,0.9167,S
0.0,1.0,1.0,1.0,3.0,1.0,2.0,151.55,2.0,NS
0.0,1.0,0.0,1.0,3.0,1.0,2.0,151.55,30.0,NS
0.0,1.0,1.0,1.0,3.0,1.0,2.0,151.55,25.0,NS
1.0,1.0,0.0,1.0,5.0,0.0,0.0,26.55,48.0,S
1.0,1.0,1.0,1.0,4.0,1.0,0.0,77.9583,63.0,S
0.0,1.0,0.0,1.0,1.0,0.0,0.0,0.0,39.0,NS
1.0,1.0,1.0,1.0,3.0,2.0,0.0,51.4792,53.0,S
0.0,1.0,0.0,2.0,0.0,0.0,0.0,49.5042,71.0,NS
0.0,1.0,0.0,2.0,3.0,1.0,0.0,227.525,47.0,NS
1.0,1.0,1.0,2.0,3.0,1.0,0.0,227.525,18.0,S
1.0,1.0,1.0,2.0,2.0,0.0,0.0,69.3,24.0,S
1.0,1.0,1.0,1.0,0.0,0.0,0.0,78.85,26.0,S
1.0,1.0,0.0,1.0,1.0,0.0,0.0,30.0,80.0,S
0.0,1.0,0.0,1.0,0.0,0.0,0.0,25.925,29.8811345124283,NS
0.0,1.0,0.0,2.0,2.0,0.0,1.0,247.5208,24.0,NS
1.0,1.0,1.0,2.0,2.0,0.0,1.0,247.5208,50.0,S
1.0,1.0,1.0,2.0,4.0,0.0,0.0,76.2917,32.0,S
0.0,1.0,0.0,2.0,3.0,0.0,0.0,75.2417,36.0,NS
1.0,1.0,0.0,1.0,4.0,1.0,1.0,52.5542,37.0,S
1.0,1.0,1.0,1.0,4.0,1.0,1.0,52.5542,47.0,S
1.0,1.0,0.0,2.0,3.0,0.0,0.0,30.0,26.0,S
1.0,1.0,1.0,2.0,0.0,0.0,0.0,227.525,42.0,S
1.0,1.0,1.0,1.0,3.0,0.0,0.0,221.7792,29.0,S
0.0,1.0,0.0,2.0,0.0,0.0,0.0,26.0,25.0,NS
1.0,1.0,0.0,2.0,2.0,1.0,0.0,91.0792,25.0,S
1.0,1.0,1.0,2.0,2.0,1.0,0.0,91.0792,19.0,S
1.0,1.0,1.0,1.0,3.0,0.0,0.0,135.6333,35.0,S
1.0,1.0,0.0,1.0,3.0,0.0,0.0,26.55,28.0,S
0.0,1.0,0.0,1.0,9.0,0.0,0.0,35.5,45.0,NS
1.0,1.0,0.0,2.0,1.0,0.0,0.0,31.0,40.0,S
1.0,1.0,1.0,1.0,3.0,0.0,0.0,164.8667,30.0,S
1.0,1.0,1.0,1.0,3.0,0.0,0.0,26.55,58.0,S
0.0,1.0,0.0,1.0,4.0,0.0,0.0,26.55,42.0,NS
1.0,1.0,1.0,2.0,0.0,0.0,0.0,262.375,45.0,S
1.0,1.0,1.0,1.0,5.0,0.0,1.0,55.0,22.0,S
1.0,1.0,0.0,1.0,0.0,0.0,0.0,26.55,29.8811345124283,S
0.0,1.0,0.0,1.0,1.0,0.0,0.0,30.5,41.0,NS
0.0,1.0,0.0,2.0,2.0,0.0,0.0,50.4958,48.0,NS
0.0,1.0,0.0,2.0,0.0,0.0,0.0,39.6,29.8811345124283,NS
1.0,1.0,1.0,2.0,2.0,0.0,0.0,27.7208,44.0,S
1.0,1.0,1.0,1.0,3.0,2.0,0.0,51.4792,59.0,S
1.0,1.0,1.0,2.0,4.0,0.0,0.0,76.2917,60.0,S
1.0,1.0,1.0,2.0,5.0,0.0,0.0,134.5,41.0,S
0.0,1.0,0.0,1.0,2.0,0.0,0.0,26.55,45.0,NS
0.0,1.0,0.0,1.0,0.0,0.0,0.0,31.0,29.8811345124283,NS
1.0,1.0,0.0,1.0,5.0,0.0,0.0,26.2875,42.0,S
1.0,1.0,1.0,2.0,0.0,0.0,0.0,27.4458,53.0,S
1.0,1.0,0.0,2.0,2.0,0.0,1.0,512.3292,36.0,S
1.0,1.0,1.0,2.0,2.0,0.0,1.0,512.3292,58.0,S
0.0,1.0,0.0,1.0,2.0,0.0,0.0,5.0,33.0,NS
0.0,1.0,0.0,1.0,0.0,0.0,0.0,47.1,28.0,NS
0.0,1.0,0.0,1.0,0.0,0.0,0.0,47.1,17.0,NS
1.0,1.0,0.0,1.0,2.0,1.0,2.0,120.0,11.0,S
1.0,1.0,1.0,1.0,2.0,1.0,2.0,120.0,14.0,S
1.0,1.0,0.0,1.0,2.0,1.0,2.0,120.0,36.0,S
1.0,1.0,1.0,1.0,2.0,1.0,2.0,120.0,36.0,S
0.0,1.0,0.0,1.0,0.0,0.0,0.0,26.0,49.0,NS
1.0,1.0,1.0,2.0,0.0,0.0,0.0,27.7208,29.8811345124283,S
0.0,1.0,0.0,1.0,3.0,1.0,0.0,78.85,36.0,NS
1.0,1.0,1.0,1.0,3.0,1.0,0.0,78.85,76.0,S
0.0,1.0,0.0,1.0,5.0,1.0,0.0,61.175,46.0,NS
1.0,1.0,1.0,1.0,5.0,1.0,0.0,61.175,47.0,S
1.0,1.0,0.0,1.0,5.0,1.0,0.0,53.1,27.0,S
1.0,1.0,1.0,1.0,5.0,1.0,0.0,53.1,33.0,S
1.0,1.0,1.0,2.0,2.0,0.0,0.0,262.375,36.0,S
1.0,1.0,1.0,1.0,2.0,0.0,0.0,86.5,30.0,S
1.0,1.0,0.0,2.0,1.0,0.0,0.0,29.7,45.0,S
1.0,1.0,1.0,1.0,5.0,0.0,1.0,55.0,29.8811345124283,S
0.0,1.0,0.0,1.0,0.0,0.0,0.0,0.0,29.8811345124283,NS
0.0,1.0,0.0,2.0,3.0,1.0,0.0,136.7792,27.0,NS
1.0,1.0,1.0,2.0,3.0,1.0,0.0,136.7792,26.0,S
1.0,1.0,1.0,1.0,0.0,0.0,0.0,151.55,22.0,S
0.0,1.0,0.0,1.0,1.0,0.0,0.0,52.0,29.8811345124283,NS
0.0,1.0,0.0,1.0,5.0,0.0,0.0,25.5875,47.0,NS
1.0,1.0,1.0,2.0,5.0,1.0,1.0,83.1583,39.0,S
0.0,1.0,0.0,2.0,5.0,1.0,1.0,83.1583,37.0,NS
1.0,1.0,1.0,2.0,5.0,0.0,2.0,83.1583,64.0,S
1.0,1.0,1.0,1.0,3.0,2.0,0.0,25.7,55.0,S
0.0,1.0,0.0,1.0,0.0,0.0,0.0,26.55,29.8811345124283,NS
0.0,1.0,0.0,1.0,2.0,1.0,1.0,71.0,70.0,NS
1.0,1.0,1.0,1.0,2.0,0.0,2.0,71.0,36.0,S
1.0,1.0,1.0,1.0,2.0,1.0,1.0,26.55,64.0,S
0.0,1.0,0.0,2.0,3.0,1.0,0.0,71.2833,39.0,NS
1.0,1.0,1.0,2.0,3.0,1.0,0.0,71.2833,38.0,S
1.0,1.0,0.0,1.0,5.0,0.0,0.0,26.55,51.0,S
1.0,1.0,0.0,1.0,0.0,0.0,0.0,30.5,27.0,S
1.0,1.0,1.0,1.0,0.0,0.0,0.0,151.55,33.0,S
0.0,1.0,0.0,1.0,2.0,1.0,0.0,52.0,31.0,NS
1.0,1.0,1.0,1.0,2.0,1.0,2.0,52.0,27.0,S
1.0,1.0,0.0,1.0,2.0,1.0,0.0,57.0,31.0,S
1.0,1.0,1.0,1.0,2.0,1.0,0.0,57.0,17.0,S
1.0,1.0,0.0,1.0,1.0,1.0,1.0,81.8583,53.0,S
1.0,1.0,0.0,1.0,1.0,0.0,2.0,81.8583,4.0,S
1.0,1.0,1.0,1.0,1.0,1.0,1.0,81.8583,54.0,S
0.0,1.0,0.0,2.0,3.0,1.0,0.0,106.425,50.0,NS
1.0,1.0,1.0,2.0,2.0,1.0,1.0,247.5208,27.0,S
1.0,1.0,1.0,2.0,3.0,1.0,0.0,106.425,48.0,S
1.0,1.0,1.0,2.0,1.0,1.0,0.0,39.6,48.0,S
1.0,1.0,0.0,2.0,1.0,1.0,0.0,56.9292,49.0,S
0.0,1.0,0.0,2.0,1.0,0.0,0.0,29.7,39.0,NS
1.0,1.0,1.0,2.0,3.0,0.0,1.0,83.1583,23.0,S
1.0,1.0,1.0,2.0,3.0,0.0,0.0,227.525,38.0,S
1.0,1.0,1.0,2.0,4.0,1.0,0.0,78.2667,54.0,S
0.0,1.0,1.0,2.0,1.0,0.0,0.0,31.6792,36.0,NS
0.0,1.0,0.0,1.0,3.0,0.0,0.0,221.7792,29.8811345124283,NS
1.0,1.0,1.0,1.0,0.0,0.0,0.0,31.6833,29.8811345124283,S
1.0,1.0,1.0,2.0,0.0,0.0,0.0,110.8833,29.8811345124283,S
1.0,1.0,0.0,1.0,5.0,0.0,0.0,26.3875,36.0,S
0.0,1.0,0.0,2.0,3.0,0.0,0.0,27.75,30.0,NS
1.0,1.0,1.0,1.0,3.0,3.0,2.0,263.0,24.0,S
1.0,1.0,1.0,1.0,3.0,3.0,2.0,263.0,28.0,S
1.0,1.0,1.0,1.0,3.0,3.0,2.0,263.0,23.0,S
0.0,1.0,0.0,1.0,3.0,3.0,2.0,263.0,19.0,NS
0.0,1.0,0.0,1.0,3.0,1.0,4.0,263.0,64.0,NS
1.0,1.0,1.0,1.0,3.0,1.0,4.0,263.0,60.0,S
1.0,1.0,1.0,2.0,5.0,0.0,0.0,56.9292,30.0,S
0.0,1.0,0.0,1.0,4.0,0.0,0.0,26.55,29.8811345124283,NS
1.0,1.0,0.0,1.0,0.0,2.0,0.0,133.65,50.0,S
1.0,1.0,0.0,2.0,4.0,1.0,0.0,27.7208,43.0,S
1.0,1.0,1.0,1.0,0.0,1.0,0.0,133.65,29.8811345124283,S
1.0,1.0,1.0,2.0,2.0,0.0,2.0,49.5,22.0,S
1.0,1.0,0.0,2.0,2.0,1.0,1.0,79.2,60.0,S
1.0,1.0,1.0,2.0,2.0,1.0,1.0,79.2,48.0,S
0.0,1.0,0.0,1.0,2.0,0.0,0.0,0.0,29.8811345124283,NS
0.0,1.0,0.0,1.0,3.0,1.0,0.0,53.1,37.0,NS
1.0,1.0,1.0,1.0,3.0,1.0,0.0,53.1,35.0,S
0.0,1.0,0.0,1.0,5.0,0.0,0.0,38.5,47.0,NS
1.0,1.0,1.0,2.0,3.0,0.0,0.0,211.5,35.0,S
1.0,1.0,1.0,2.0,0.0,0.0,1.0,59.4,22.0,S
1.0,1.0,1.0,2.0,0.0,0.0,1.0,59.4,45.0,S
0.0,1.0,0.0,2.0,2.0,0.0,0.0,79.2,24.0,NS
1.0,1.0,0.0,2.0,3.0,1.0,0.0,89.1042,49.0,S
1.0,1.0,1.0,2.0,3.0,1.0,0.0,89.1042,29.8811345124283,S
0.0,1.0,0.0,2.0,1.0,0.0,0.0,34.6542,71.0,NS
1.0,1.0,0.0,2.0,3.0,0.0,0.0,28.5,53.0,S
1.0,1.0,1.0,1.0,2.0,0.0,0.0,30.0,19.0,S
0.0,1.0,0.0,1.0,3.0,0.0,1.0,153.4625,38.0,NS
1.0,1.0,1.0,1.0,3.0,0.0,1.0,153.4625,58.0,S
1.0,1.0,0.0,2.0,4.0,0.0,1.0,63.3583,23.0,S
1.0,1.0,1.0,2.0,4.0,0.0,1.0,63.3583,45.0,S
0.0,1.0,0.0,2.0,2.0,0.0,0.0,79.2,46.0,NS
1.0,1.0,0.0,2.0,5.0,1.0,0.0,55.4417,25.0,S
1.0,1.0,1.0,2.0,5.0,1.0,0.0,55.4417,25.0,S
1.0,1.0,0.0,2.0,4.0,1.0,0.0,76.7292,48.0,S
1.0,1.0,1.0,2.0,4.0,1.0,0.0,76.7292,49.0,S
0.0,1.0,0.0,1.0,0.0,0.0,0.0,42.4,29.8811345124283,NS
0.0,1.0,0.0,1.0,3.0,1.0,0.0,83.475,45.0,NS
1.0,1.0,1.0,1.0,3.0,1.0,0.0,83.475,35.0,S
0.0,1.0,0.0,1.0,2.0,0.0,0.0,0.0,40.0,NS
1.0,1.0,0.0,2.0,4.0,0.0,0.0,76.7292,27.0,S
1.0,1.0,0.0,1.0,4.0,0.0,0.0,30.0,29.8811345124283,S
1.0,1.0,1.0,2.0,3.0,0.0,0.0,83.1583,24.0,S
0.0,1.0,0.0,1.0,2.0,1.0,1.0,93.5,55.0,NS
1.0,1.0,1.0,1.0,2.0,1.0,1.0,93.5,52.0,S
0.0,1.0,0.0,1.0,2.0,0.0,0.0,42.5,42.0,NS
0.0,1.0,0.0,1.0,5.0,0.0,0.0,51.8625,29.8811345124283,NS
0.0,1.0,0.0,1.0,3.0,0.0,0.0,50.0,55.0,NS
1.0,1.0,1.0,2.0,2.0,0.0,1.0,57.9792,16.0,S
1.0,1.0,1.0,2.0,2.0,0.0,1.0,57.9792,44.0,S
1.0,1.0,1.0,1.0,4.0,1.0,0.0,77.9583,51.0,S
0.0,1.0,0.0,1.0,0.0,1.0,0.0,52.0,42.0,NS
1.0,1.0,1.0,1.0,0.0,1.0,0.0,52.0,35.0,S
1.0,1.0,0.0,2.0,0.0,0.0,0.0,26.55,35.0,S
1.0,1.0,0.0,1.0,3.0,1.0,0.0,90.0,38.0,S
0.0,1.0,0.0,2.0,0.0,0.0,0.0,30.6958,29.8811345124283,NS
1.0,1.0,1.0,1.0,3.0,1.0,0.0,90.0,35.0,S
1.0,1.0,1.0,,2.0,0.0,0.0,80.0,38.0,S
0.0,1.0,1.0,2.0,3.0,0.0,0.0,28.7125,50.0,NS
1.0,1.0,0.0,1.0,2.0,0.0,0.0,0.0,49.0,S
0.0,1.0,0.0,1.0,0.0,0.0,0.0,26.0,46.0,NS
0.0,1.0,0.0,1.0,5.0,0.0,0.0,26.0,50.0,NS
0.0,1.0,0.0,2.0,3.0,0.0,0.0,211.5,32.5,NS
0.0,1.0,0.0,2.0,2.0,0.0,0.0,29.7,58.0,NS
0.0,1.0,0.0,1.0,4.0,1.0,0.0,51.8625,41.0,NS
1.0,1.0,1.0,1.0,4.0,1.0,0.0,51.8625,29.8811345124283,S
1.0,1.0,0.0,1.0,4.0,1.0,0.0,52.5542,42.0,S
1.0,1.0,1.0,1.0,4.0,1.0,0.0,52.5542,45.0,S
0.0,1.0,0.0,1.0,3.0,0.0,0.0,26.55,29.8811345124283,NS
1.0,1.0,1.0,1.0,0.0,0.0,0.0,211.3375,39.0,S
1.0,1.0,1.0,1.0,4.0,0.0,0.0,25.9292,49.0,S
1.0,1.0,1.0,2.0,0.0,0.0,0.0,106.425,30.0,S
1.0,1.0,0.0,2.0,2.0,0.0,0.0,512.3292,35.0,S
0.0,1.0,0.0,2.0,0.0,0.0,0.0,27.7208,29.8811345124283,NS
0.0,1.0,0.0,1.0,0.0,0.0,0.0,26.55,42.0,NS
1.0,1.0,1.0,2.0,0.0,0.0,0.0,27.7208,55.0,S
1.0,1.0,1.0,1.0,4.0,0.0,1.0,39.4,16.0,S
1.0,1.0,1.0,1.0,4.0,0.0,1.0,39.4,51.0,S
0.0,1.0,0.0,1.0,4.0,0.0,0.0,30.0,29.0,NS
1.0,1.0,1.0,1.0,4.0,0.0,0.0,77.9583,21.0,S
0.0,1.0,0.0,1.0,0.0,0.0,0.0,45.5,30.0,NS
1.0,1.0,1.0,2.0,2.0,0.0,0.0,146.5208,58.0,S
1.0,1.0,1.0,1.0,2.0,0.0,1.0,211.3375,15.0,S
0.0,1.0,0.0,1.0,3.0,0.0,0.0,26.0,30.0,NS
1.0,1.0,1.0,1.0,2.0,0.0,0.0,86.5,16.0,S
1.0,1.0,0.0,2.0,3.0,0.0,0.0,29.7,29.8811345124283,S
0.0,1.0,0.0,1.0,4.0,1.0,0.0,53.1,19.0,NS
1.0,1.0,1.0,1.0,4.0,1.0,0.0,53.1,18.0,S
1.0,1.0,1.0,2.0,3.0,0.0,0.0,49.5042,24.0,S
0.0,1.0,0.0,2.0,3.0,0.0,0.0,75.2417,46.0,NS
0.0,1.0,0.0,1.0,5.0,0.0,0.0,51.8625,54.0,NS
1.0,1.0,0.0,1.0,5.0,0.0,0.0,26.2875,36.0,S
0.0,1.0,0.0,2.0,0.0,1.0,0.0,82.1708,28.0,NS
1.0,1.0,1.0,2.0,0.0,1.0,0.0,82.1708,29.8811345124283,S
0.0,1.0,0.0,1.0,5.0,0.0,0.0,26.55,65.0,NS
0.0,1.0,0.0,3.0,3.0,2.0,0.0,90.0,44.0,NS
1.0,1.0,1.0,3.0,3.0,1.0,0.0,90.0,33.0,S
1.0,1.0,1.0,3.0,3.0,1.0,0.0,90.0,37.0,S
1.0,1.0,0.0,2.0,3.0,1.0,0.0,57.75,30.0,S
0.0,1.0,0.0,1.0,3.0,0.0,0.0,30.5,55.0,NS
0.0,1.0,0.0,1.0,0.0,0.0,0.0,42.4,47.0,NS
0.0,1.0,0.0,2.0,3.0,0.0,1.0,29.7,37.0,NS
1.0,1.0,1.0,2.0,4.0,1.0,0.0,113.275,31.0,S
1.0,1.0,1.0,2.0,4.0,1.0,0.0,113.275,23.0,S
0.0,1.0,0.0,2.0,4.0,0.0,2.0,113.275,58.0,NS
1.0,1.0,1.0,1.0,4.0,0.0,2.0,26.2833,19.0,S
0.0,1.0,0.0,1.0,0.0,0.0,0.0,26.0,64.0,NS
1.0,1.0,1.0,2.0,3.0,0.0,0.0,108.9,39.0,S
1.0,1.0,0.0,2.0,0.0,0.0,0.0,25.7417,29.8811345124283,S
1.0,1.0,1.0,2.0,2.0,0.0,1.0,61.9792,22.0,S
0.0,1.0,0.0,2.0,2.0,0.0,1.0,61.9792,65.0,NS
0.0,1.0,0.0,2.0,4.0,0.0,0.0,27.7208,28.5,NS
0.0,1.0,0.0,1.0,0.0,0.0,0.0,0.0,29.8811345124283,NS
0.0,1.0,0.0,1.0,3.0,0.0,0.0,28.5,45.5,NS
0.0,1.0,0.0,1.0,2.0,0.0,0.0,93.5,23.0,NS
0.0,1.0,0.0,1.0,3.0,1.0,0.0,66.6,29.0,NS
1.0,1.0,1.0,1.0,3.0,1.0,0.0,66.6,22.0,S
0.0,1.0,0.0,2.0,3.0,1.0,0.0,108.9,18.0,NS
1.0,1.0,1.0,2.0,3.0,1.0,0.0,108.9,17.0,S
1.0,1.0,1.0,1.0,2.0,0.0,0.0,93.5,30.0,S
1.0,1.0,0.0,1.0,3.0,0.0,0.0,30.5,52.0,S
0.0,1.0,0.0,1.0,3.0,0.0,0.0,52.0,47.0,NS
1.0,1.0,1.0,2.0,3.0,0.0,1.0,83.1583,56.0,S
0.0,1.0,0.0,1.0,0.0,0.0,0.0,0.0,38.0,NS
1.0,1.0,0.0,1.0,0.0,0.0,0.0,39.6,29.8811345124283,S
0.0,1.0,0.0,2.0,0.0,0.0,0.0,135.6333,22.0,NS
0.0,1.0,0.0,2.0,0.0,0.0,0.0,227.525,29.8811345124283,NS
1.0,1.0,1.0,1.0,2.0,0.0,1.0,211.3375,43.0,S
0.0,1.0,0.0,1.0,1.0,0.0,0.0,50.4958,31.0,NS
1.0,1.0,0.0,1.0,0.0,0.0,0.0,26.55,45.0,S
0.0,1.0,0.0,1.0,1.0,0.0,0.0,50.0,29.8811345124283,NS
1.0,1.0,1.0,2.0,1.0,0.0,0.0,27.7208,33.0,S
0.0,1.0,0.0,2.0,0.0,0.0,0.0,79.2,46.0,NS
0.0,1.0,0.0,2.0,1.0,0.0,0.0,40.125,36.0,NS
1.0,1.0,1.0,1.0,2.0,0.0,0.0,86.5,33.0,S
0.0,1.0,0.0,2.0,0.0,1.0,0.0,59.4,55.0,NS
1.0,1.0,1.0,2.0,0.0,1.0,0.0,59.4,54.0,S
0.0,1.0,0.0,1.0,0.0,0.0,0.0,26.55,33.0,NS
1.0,1.0,0.0,2.0,2.0,2.0,2.0,262.375,13.0,S
1.0,1.0,1.0,2.0,2.0,2.0,2.0,262.375,18.0,S
1.0,1.0,1.0,2.0,2.0,2.0,2.0,262.375,21.0,S
0.0,1.0,0.0,2.0,2.0,1.0,3.0,262.375,61.0,NS
1.0,1.0,1.0,2.0,2.0,1.0,3.0,262.375,48.0,S
1.0,1.0,0.0,1.0,3.0,0.0,0.0,30.5,29.8811345124283,S
1.0,1.0,1.0,2.0,2.0,0.0,0.0,69.3,24.0,S
1.0,1.0,0.0,1.0,0.0,0.0,0.0,26.0,29.8811345124283,S
1.0,1.0,1.0,2.0,3.0,1.0,0.0,57.75,35.0,S
1.0,1.0,1.0,2.0,0.0,0.0,0.0,31.0,30.0,S
1.0,1.0,0.0,1.0,0.0,0.0,0.0,26.55,34.0,S
1.0,1.0,1.0,1.0,3.0,0.0,0.0,153.4625,40.0,S
1.0,1.0,0.0,1.0,5.0,0.0,0.0,26.2875,35.0,S
0.0,1.0,0.0,1.0,5.0,1.0,0.0,55.9,50.0,NS
1.0,1.0,1.0,1.0,5.0,1.0,0.0,55.9,39.0,S
1.0,1.0,0.0,2.0,1.0,0.0,0.0,35.5,56.0,S
1.0,1.0,0.0,1.0,1.0,0.0,0.0,35.5,28.0,S
0.0,1.0,0.0,1.0,0.0,0.0,0.0,26.55,56.0,NS
0.0,1.0,0.0,2.0,1.0,0.0,0.0,30.6958,56.0,NS
0.0,1.0,0.0,1.0,3.0,1.0,0.0,60.0,24.0,NS
0.0,1.0,0.0,1.0,1.0,0.0,0.0,26.0,29.8811345124283,NS
1.0,1.0,1.0,1.0,3.0,1.0,0.0,60.0,18.0,S
1.0,1.0,0.0,1.0,2.0,1.0,0.0,82.2667,24.0,S
1.0,1.0,1.0,1.0,2.0,1.0,0.0,82.2667,23.0,S
1.0,1.0,0.0,2.0,5.0,0.0,2.0,134.5,6.0,S
1.0,1.0,0.0,2.0,5.0,1.0,1.0,134.5,45.0,S
1.0,1.0,1.0,2.0,5.0,1.0,1.0,134.5,40.0,S
0.0,1.0,0.0,2.0,2.0,1.0,0.0,146.5208,57.0,NS
1.0,1.0,1.0,2.0,2.0,1.0,0.0,146.5208,29.8811345124283,S
1.0,1.0,0.0,2.0,2.0,0.0,0.0,30.5,32.0,S
0.0,1.0,0.0,1.0,3.0,0.0,0.0,26.55,62.0,NS
1.0,1.0,0.0,2.0,3.0,1.0,0.0,55.4417,54.0,S
1.0,1.0,1.0,2.0,3.0,1.0,0.0,55.4417,43.0,S
1.0,1.0,1.0,2.0,4.0,1.0,0.0,78.2667,52.0,S
0.0,1.0,0.0,2.0,0.0,0.0,0.0,27.7208,29.8811345124283,NS
1.0,1.0,1.0,,2.0,0.0,0.0,80.0,62.0,S
0.0,1.0,0.0,1.0,3.0,1.0,0.0,221.7792,67.0,NS
0.0,1.0,1.0,1.0,3.0,1.0,0.0,221.7792,63.0,NS
0.0,1.0,0.0,1.0,4.0,0.0,0.0,32.3208,61.0,NS
1.0,1.0,1.0,1.0,4.0,0.0,0.0,25.9292,48.0,S
1.0,1.0,1.0,1.0,5.0,0.0,2.0,79.65,18.0,S
0.0,1.0,0.0,1.0,5.0,1.0,1.0,79.65,52.0,NS
1.0,1.0,1.0,1.0,5.0,1.0,1.0,79.65,39.0,S
1.0,1.0,0.0,1.0,3.0,1.0,0.0,52.0,48.0,S
1.0,1.0,1.0,1.0,3.0,1.0,0.0,52.0,29.8811345124283,S
0.0,1.0,0.0,2.0,3.0,1.0,1.0,110.8833,49.0,NS
1.0,1.0,0.0,2.0,3.0,0.0,2.0,110.8833,17.0,S
1.0,1.0,1.0,2.0,3.0,1.0,1.0,110.8833,39.0,S
1.0,1.0,1.0,2.0,0.0,0.0,0.0,79.2,29.8811345124283,S
1.0,1.0,0.0,2.0,3.0,0.0,0.0,28.5375,31.0,S
0.0,1.0,0.0,2.0,0.0,0.0,0.0,27.7208,40.0,NS
0.0,1.0,0.0,1.0,2.0,0.0,0.0,33.5,61.0,NS
0.0,1.0,0.0,1.0,4.0,0.0,0.0,34.0208,47.0,NS
1.0,1.0,1.0,2.0,0.0,0.0,0.0,512.3292,35.0,S
0.0,1.0,0.0,2.0,4.0,1.0,0.0,75.25,64.0,NS
1.0,1.0,1.0,2.0,4.0,1.0,0.0,75.25,60.0,S
0.0,1.0,0.0,1.0,0.0,0.0,0.0,26.55,60.0,NS
0.0,1.0,0.0,1.0,4.0,0.0,1.0,77.2875,54.0,NS
0.0,1.0,0.0,1.0,4.0,0.0,1.0,77.2875,21.0,NS
1.0,1.0,1.0,2.0,3.0,0.0,0.0,135.6333,55.0,S
1.0,1.0,1.0,1.0,3.0,0.0,2.0,164.8667,31.0,S
0.0,1.0,0.0,1.0,0.0,1.0,1.0,164.8667,57.0,NS
1.0,1.0,1.0,1.0,0.0,1.0,1.0,164.8667,45.0,S
0.0,1.0,0.0,2.0,3.0,1.0,1.0,211.5,50.0,NS
0.0,1.0,0.0,2.0,3.0,0.0,2.0,211.5,27.0,NS
1.0,1.0,1.0,2.0,3.0,1.0,1.0,211.5,50.0,S
1.0,1.0,1.0,1.0,0.0,0.0,0.0,26.55,21.0,S
0.0,1.0,0.0,2.0,0.0,0.0,1.0,61.3792,51.0,NS
1.0,1.0,0.0,2.0,0.0,0.0,1.0,61.3792,21.0,S
0.0,1.0,0.0,1.0,3.0,0.0,0.0,35.0,29.8811345124283,NS
1.0,1.0,1.0,2.0,5.0,0.0,0.0,134.5,31.0,S
1.0,1.0,0.0,1.0,3.0,0.0,0.0,35.5,29.8811345124283,S
0.0,1.0,0.0,1.0,0.0,0.0,0.0,26.55,62.0,NS
1.0,1.0,1.0,2.0,3.0,0.0,0.0,135.6333,36.0,S
0.0,2.0,0.0,2.0,0.0,1.0,0.0,24.0,30.0,NS
1.0,2.0,1.0,2.0,0.0,1.0,0.0,24.0,28.0,S
0.0,2.0,0.0,1.0,0.0,0.0,0.0,13.0,30.0,NS
0.0,2.0,0.0,1.0,0.0,0.0,0.0,11.5,18.0,NS
0.0,2.0,0.0,1.0,0.0,0.0,0.0,10.5,25.0,NS
0.0,2.0,0.0,1.0,0.0,1.0,0.0,26.0,34.0,NS
1.0,2.0,1.0,1.0,0.0,1.0,0.0,26.0,36.0,S
0.0,2.0,0.0,1.0,0.0,0.0,0.0,13.0,57.0,NS
0.0,2.0,0.0,1.0,0.0,0.0,0.0,11.5,18.0,NS
0.0,2.0,0.0,1.0,0.0,0.0,0.0,10.5,23.0,NS
1.0,2.0,1.0,1.0,4.0,0.0,0.0,13.0,36.0,S
0.0,2.0,0.0,1.0,0.0,0.0,0.0,10.5,28.0,NS
0.0,2.0,0.0,1.0,0.0,0.0,0.0,12.525,51.0,NS
1.0,2.0,0.0,1.0,0.0,1.0,0.0,26.0,32.0,S
1.0,2.0,1.0,1.0,0.0,1.0,0.0,26.0,19.0,S
0.0,2.0,0.0,1.0,0.0,0.0,0.0,26.0,28.0,NS
1.0,2.0,0.0,1.0,6.0,2.0,1.0,39.0,1.0,S
1.0,2.0,1.0,1.0,6.0,2.0,1.0,39.0,4.0,S
1.0,2.0,1.0,1.0,6.0,2.0,1.0,39.0,12.0,S
1.0,2.0,1.0,1.0,6.0,0.0,3.0,39.0,36.0,S
1.0,2.0,0.0,1.0,4.0,0.0,0.0,13.0,34.0,S
1.0,2.0,1.0,1.0,0.0,0.0,0.0,13.0,19.0,S
0.0,2.0,0.0,1.0,0.0,0.0,0.0,13.0,23.0,NS
0.0,2.0,0.0,1.0,0.0,0.0,0.0,13.0,26.0,NS
0.0,2.0,0.0,1.0,0.0,0.0,0.0,13.0,42.0,NS
0.0,2.0,0.0,1.0,0.0,0.0,0.0,13.0,27.0,NS
1.0,2.0,1.0,1.0,6.0,0.0,0.0,13.0,24.0,S
1.0,2.0,1.0,1.0,0.0,0.0,2.0,39.0,15.0,S
0.0,2.0,0.0,1.0,0.0,1.0,1.0,39.0,60.0,NS
1.0,2.0,1.0,1.0,0.0,1.0,1.0,39.0,40.0,S
1.0,2.0,1.0,1.0,0.0,1.0,0.0,26.0,20.0,S
0.0,2.0,0.0,1.0,0.0,1.0,0.0,26.0,25.0,NS
1.0,2.0,1.0,1.0,0.0,0.0,0.0,13.0,36.0,S
0.0,2.0,0.0,1.0,0.0,0.0,0.0,13.0,25.0,NS
0.0,2.0,0.0,1.0,0.0,0.0,0.0,13.0,42.0,NS
1.0,2.0,1.0,1.0,0.0,0.0,0.0,13.0,42.0,S
1.0,2.0,0.0,1.0,0.0,0.0,2.0,29.0,0.8333,S
1.0,2.0,0.0,1.0,0.0,1.0,1.0,29.0,26.0,S
1.0,2.0,1.0,1.0,0.0,1.0,1.0,29.0,22.0,S
1.0,2.0,1.0,1.0,0.0,0.0,0.0,21.0,35.0,S
0.0,2.0,0.0,1.0,0.0,0.0,0.0,0.0,29.8811345124283,NS
0.0,2.0,0.0,1.0,0.0,0.0,0.0,13.0,19.0,NS
0.0,2.0,1.0,1.0,0.0,1.0,0.0,26.0,44.0,NS
0.0,2.0,0.0,1.0,0.0,1.0,0.0,26.0,54.0,NS
0.0,2.0,0.0,1.0,0.0,0.0,0.0,13.5,52.0,NS
0.0,2.0,0.0,1.0,0.0,1.0,0.0,26.0,37.0,NS
0.0,2.0,1.0,1.0,0.0,1.0,0.0,26.0,29.0,NS
1.0,2.0,1.0,1.0,0.0,1.0,1.0,30.0,25.0,S
1.0,2.0,1.0,1.0,0.0,0.0,2.0,30.0,45.0,S
0.0,2.0,0.0,1.0,0.0,1.0,0.0,26.0,29.0,NS
1.0,2.0,1.0,1.0,0.0,1.0,0.0,26.0,28.0,S
0.0,2.0,0.0,1.0,0.0,0.0,0.0,10.5,29.0,NS
0.0,2.0,0.0,1.0,0.0,0.0,0.0,13.0,28.0,NS
1.0,2.0,0.0,1.0,0.0,0.0,0.0,10.5,24.0,S
1.0,2.0,1.0,1.0,0.0,0.0,2.0,26.25,8.0,S
0.0,2.0,0.0,1.0,0.0,1.0,1.0,26.25,31.0,NS
1.0,2.0,1.0,1.0,0.0,1.0,1.0,26.25,31.0,S
1.0,2.0,1.0,1.0,6.0,0.0,0.0,10.5,22.0,S
0.0,2.0,1.0,1.0,0.0,0.0,0.0,13.0,30.0,NS
0.0,2.0,1.0,1.0,0.0,0.0,0.0,21.0,29.8811345124283,NS
0.0,2.0,0.0,1.0,0.0,0.0,0.0,11.5,21.0,NS
0.0,2.0,0.0,1.0,0.0,0.0,0.0,0.0,29.8811345124283,NS
1.0,2.0,0.0,1.0,0.0,1.0,1.0,36.75,8.0,S
0.0,2.0,0.0,1.0,0.0,0.0,0.0,73.5,18.0,NS
1.0,2.0,1.0,1.0,0.0,0.0,2.0,36.75,48.0,S
1.0,2.0,1.0,1.0,0.0,0.0,0.0,13.0,28.0,S
0.0,2.0,0.0,1.0,0.0,0.0,0.0,13.0,32.0,NS
0.0,2.0,0.0,1.0,0.0,0.0,0.0,73.5,17.0,NS
0.0,2.0,0.0,2.0,0.0,1.0,0.0,27.7208,29.0,NS
1.0,2.0,1.0,2.0,0.0,1.0,0.0,27.7208,24.0,S
0.0,2.0,0.0,1.0,0.0,0.0,0.0,31.5,25.0,NS
0.0,2.0,0.0,1.0,0.0,0.0,0.0,73.5,18.0,NS
1.0,2.0,1.0,1.0,0.0,0.0,1.0,23.0,18.0,S
1.0,2.0,1.0,1.0,0.0,0.0,1.0,23.0,34.0,S
0.0,2.0,0.0,1.0,0.0,0.0,0.0,26.0,54.0,NS
1.0,2.0,0.0,1.0,0.0,0.0,2.0,32.5,8.0,S
0.0,2.0,0.0,1.0,0.0,1.0,1.0,32.5,42.0,NS
1.0,2.0,1.0,1.0,0.0,1.0,1.0,32.5,34.0,S
1.0,2.0,1.0,2.0,0.0,1.0,0.0,13.8583,27.0,S
1.0,2.0,1.0,2.0,0.0,1.0,0.0,13.8583,30.0,S
0.0,2.0,0.0,1.0,0.0,0.0,0.0,13.0,23.0,NS
0.0,2.0,0.0,1.0,0.0,0.0,0.0,13.0,21.0,NS
0.0,2.0,0.0,1.0,0.0,0.0,0.0,13.0,18.0,NS
0.0,2.0,0.0,1.0,0.0,1.0,0.0,26.0,40.0,NS
1.0,2.0,1.0,1.0,0.0,1.0,0.0,26.0,29.0,S
0.0,2.0,0.0,1.0,0.0,0.0,0.0,10.5,18.0,NS
0.0,2.0,0.0,1.0,0.0,0.0,0.0,13.0,36.0,NS
0.0,2.0,0.0,1.0,0.0,0.0,0.0,0.0,29.8811345124283,NS
0.0,2.0,1.0,1.0,0.0,0.0,0.0,13.0,38.0,NS
0.0,2.0,0.0,1.0,0.0,0.0,0.0,26.0,35.0,NS
0.0,2.0,0.0,1.0,0.0,1.0,0.0,21.0,38.0,NS
0.0,2.0,0.0,1.0,0.0,1.0,0.0,21.0,34.0,NS
1.0,2.0,1.0,1.0,0.0,0.0,0.0,13.0,34.0,S
0.0,2.0,0.0,1.0,0.0,0.0,0.0,26.0,16.0,NS
0.0,2.0,0.0,1.0,0.0,0.0,0.0,10.5,26.0,NS
0.0,2.0,0.0,1.0,0.0,0.0,0.0,10.5,47.0,NS
0.0,2.0,0.0,1.0,0.0,1.0,0.0,11.5,21.0,NS
0.0,2.0,0.0,1.0,0.0,1.0,0.0,11.5,21.0,NS
0.0,2.0,0.0,1.0,0.0,0.0,0.0,13.5,24.0,NS
0.0,2.0,0.0,1.0,0.0,0.0,0.0,13.0,24.0,NS
0.0,2.0,0.0,1.0,0.0,0.0,0.0,13.0,34.0,NS
0.0,2.0,0.0,1.0,0.0,0.0,0.0,13.0,30.0,NS
0.0,2.0,0.0,1.0,0.0,0.0,0.0,13.0,52.0,NS
0.0,2.0,0.0,1.0,0.0,0.0,0.0,13.0,30.0,NS
1.0,2.0,0.0,1.0,0.0,1.0,1.0,14.5,0.6667,S
1.0,2.0,1.0,1.0,0.0,0.0,2.0,14.5,24.0,S
0.0,2.0,0.0,1.0,0.0,0.0,0.0,13.0,44.0,NS
1.0,2.0,1.0,1.0,0.0,0.0,1.0,33.0,6.0,S
0.0,2.0,0.0,1.0,0.0,0.0,1.0,33.0,28.0,NS
1.0,2.0,0.0,1.0,0.0,0.0,0.0,10.5,62.0,S
0.0,2.0,0.0,1.0,0.0,0.0,0.0,10.5,30.0,NS
1.0,2.0,1.0,1.0,0.0,0.0,2.0,26.25,7.0,S
0.0,2.0,0.0,1.0,0.0,1.0,1.0,26.25,43.0,NS
1.0,2.0,1.0,1.0,0.0,1.0,1.0,26.25,45.0,S
1.0,2.0,1.0,1.0,0.0,1.0,2.0,65.0,24.0,S
1.0,2.0,1.0,1.0,0.0,1.0,2.0,65.0,24.0,S
0.0,2.0,0.0,1.0,0.0,1.0,2.0,65.0,49.0,NS
1.0,2.0,1.0,1.0,0.0,1.0,2.0,65.0,48.0,S
1.0,2.0,1.0,1.0,0.0,0.0,0.0,16.0,55.0,S
0.0,2.0,0.0,1.0,0.0,2.0,0.0,73.5,24.0,NS
0.0,2.0,0.0,1.0,0.0,2.0,0.0,73.5,32.0,NS
0.0,2.0,0.0,1.0,0.0,2.0,0.0,73.5,21.0,NS
0.0,2.0,1.0,1.0,0.0,1.0,1.0,13.0,18.0,NS
1.0,2.0,1.0,1.0,0.0,2.0,1.0,23.0,20.0,S
0.0,2.0,0.0,1.0,0.0,2.0,1.0,11.5,23.0,NS
0.0,2.0,0.0,1.0,0.0,0.0,0.0,13.0,36.0,NS
1.0,2.0,1.0,1.0,0.0,1.0,3.0,23.0,54.0,S
0.0,2.0,0.0,1.0,0.0,0.0,0.0,13.0,50.0,NS
0.0,2.0,0.0,1.0,0.0,1.0,0.0,26.0,44.0,NS
1.0,2.0,1.0,1.0,0.0,1.0,0.0,26.0,29.0,S
0.0,2.0,0.0,1.0,0.0,0.0,0.0,73.5,21.0,NS
1.0,2.0,0.0,1.0,0.0,0.0,0.0,13.0,42.0,S
0.0,2.0,0.0,1.0,0.0,1.0,0.0,26.0,63.0,NS
0.0,2.0,1.0,1.0,0.0,1.0,0.0,26.0,60.0,NS
0.0,2.0,0.0,1.0,0.0,0.0,0.0,12.275,33.0,NS
1.0,2.0,1.0,1.0,0.0,0.0,0.0,10.5,17.0,S
0.0,2.0,0.0,1.0,0.0,1.0,0.0,27.0,42.0,NS
1.0,2.0,1.0,1.0,0.0,2.0,1.0,27.0,24.0,S
0.0,2.0,0.0,1.0,0.0,0.0,0.0,15.0,47.0,NS
0.0,2.0,0.0,1.0,0.0,2.0,0.0,31.5,24.0,NS
0.0,2.0,0.0,1.0,0.0,2.0,0.0,31.5,22.0,NS
0.0,2.0,0.0,1.0,0.0,0.0,0.0,10.5,32.0,NS
1.0,2.0,1.0,2.0,4.0,0.0,0.0,13.7917,23.0,S
0.0,2.0,0.0,1.0,0.0,1.0,0.0,26.0,34.0,NS
1.0,2.0,1.0,1.0,0.0,1.0,0.0,26.0,24.0,S
0.0,2.0,1.0,1.0,0.0,0.0,0.0,21.0,22.0,NS
1.0,2.0,1.0,3.0,5.0,0.0,0.0,12.35,29.8811345124283,S
0.0,2.0,0.0,3.0,0.0,0.0,0.0,12.35,35.0,NS
1.0,2.0,1.0,1.0,0.0,0.0,0.0,13.5,45.0,S
0.0,2.0,0.0,3.0,0.0,0.0,0.0,12.35,57.0,NS
0.0,2.0,0.0,1.0,0.0,0.0,0.0,0.0,29.8811345124283,NS
0.0,2.0,0.0,1.0,0.0,0.0,0.0,10.5,31.0,NS
0.0,2.0,1.0,1.0,0.0,1.0,1.0,26.0,26.0,NS
0.0,2.0,0.0,1.0,0.0,1.0,1.0,26.0,30.0,NS
0.0,2.0,0.0,3.0,0.0,0.0,0.0,10.7083,29.8811345124283,NS
1.0,2.0,1.0,2.0,0.0,1.0,2.0,41.5792,1.0,S
1.0,2.0,1.0,2.0,0.0,1.0,2.0,41.5792,3.0,S
0.0,2.0,0.0,2.0,0.0,1.0,2.0,41.5792,25.0,NS
1.0,2.0,1.0,2.0,0.0,1.0,2.0,41.5792,22.0,S
1.0,2.0,1.0,2.0,0.0,0.0,0.0,12.0,17.0,S
1.0,2.0,1.0,1.0,0.0,0.0,0.0,33.0,29.8811345124283,S
1.0,2.0,1.0,1.0,6.0,0.0,0.0,10.5,34.0,S
0.0,2.0,0.0,2.0,4.0,0.0,0.0,12.875,36.0,NS
0.0,2.0,0.0,1.0,0.0,0.0,0.0,10.5,24.0,NS
0.0,2.0,0.0,3.0,0.0,0.0,0.0,12.35,61.0,NS
0.0,2.0,0.0,1.0,0.0,1.0,0.0,26.0,50.0,NS
1.0,2.0,1.0,1.0,0.0,1.0,0.0,26.0,42.0,S
0.0,2.0,1.0,1.0,5.0,0.0,0.0,10.5,57.0,NS
0.0,2.0,0.0,2.0,4.0,0.0,0.0,15.0458,29.8811345124283,NS
1.0,2.0,0.0,2.0,0.0,0.0,2.0,37.0042,1.0,S
0.0,2.0,0.0,2.0,0.0,1.0,1.0,37.0042,31.0,NS
1.0,2.0,1.0,2.0,0.0,1.0,1.0,37.0042,24.0,S
0.0,2.0,0.0,2.0,0.0,0.0,0.0,15.5792,29.8811345124283,NS
0.0,2.0,0.0,1.0,0.0,0.0,0.0,13.0,30.0,NS
0.0,2.0,0.0,1.0,0.0,0.0,0.0,16.0,40.0,NS
0.0,2.0,0.0,1.0,0.0,0.0,0.0,13.5,32.0,NS
0.0,2.0,0.0,1.0,0.0,0.0,0.0,13.0,30.0,NS
0.0,2.0,0.0,1.0,0.0,0.0,0.0,26.0,46.0,NS
1.0,2.0,1.0,1.0,0.0,0.0,1.0,19.5,13.0,S
1.0,2.0,1.0,1.0,0.0,0.0,1.0,19.5,41.0,S
1.0,2.0,0.0,1.0,0.0,0.0,0.0,10.5,19.0,S
0.0,2.0,0.0,1.0,0.0,0.0,0.0,13.0,39.0,NS
0.0,2.0,0.0,1.0,0.0,0.0,0.0,13.0,48.0,NS
0.0,2.0,0.0,1.0,0.0,0.0,0.0,10.5,70.0,NS
0.0,2.0,0.0,1.0,0.0,0.0,0.0,13.0,27.0,NS
0.0,2.0,0.0,1.0,0.0,0.0,0.0,14.0,54.0,NS
0.0,2.0,0.0,1.0,0.0,0.0,0.0,26.0,39.0,NS
0.0,2.0,0.0,1.0,0.0,0.0,0.0,10.5,16.0,NS
0.0,2.0,0.0,3.0,0.0,0.0,0.0,9.6875,62.0,NS
0.0,2.0,0.0,2.0,0.0,1.0,0.0,30.0708,32.5,NS
1.0,2.0,1.0,2.0,0.0,1.0,0.0,30.0708,14.0,S
1.0,2.0,0.0,1.0,6.0,1.0,1.0,26.0,2.0,S
1.0,2.0,0.0,1.0,6.0,1.0,1.0,26.0,3.0,S
0.0,2.0,0.0,1.0,6.0,0.0,2.0,26.0,36.5,NS
0.0,2.0,0.0,1.0,6.0,0.0,0.0,13.0,26.0,NS
0.0,2.0,0.0,1.0,0.0,1.0,1.0,36.75,19.0,NS
0.0,2.0,0.0,1.0,0.0,0.0,0.0,13.5,28.0,NS
1.0,2.0,0.0,2.0,4.0,0.0,0.0,13.8625,20.0,S
1.0,2.0,1.0,1.0,6.0,0.0,0.0,10.5,29.0,S
0.0,2.0,0.0,1.0,0.0,0.0,0.0,13.0,39.0,NS
1.0,2.0,0.0,1.0,0.0,0.0,0.0,10.5,22.0,S
1.0,2.0,0.0,2.0,0.0,0.0,0.0,13.8625,29.8811345124283,S
0.0,2.0,0.0,1.0,0.0,0.0,0.0,10.5,23.0,NS
1.0,2.0,0.0,2.0,0.0,0.0,0.0,13.8583,29.0,S
0.0,2.0,0.0,1.0,0.0,0.0,0.0,10.5,28.0,NS
0.0,2.0,0.0,1.0,0.0,0.0,0.0,0.0,29.8811345124283,NS
1.0,2.0,1.0,1.0,0.0,0.0,1.0,26.0,50.0,S
0.0,2.0,0.0,1.0,0.0,0.0,0.0,10.5,19.0,NS
0.0,2.0,0.0,2.0,0.0,0.0,0.0,15.05,29.8811345124283,NS
0.0,2.0,0.0,1.0,0.0,0.0,0.0,13.0,41.0,NS
1.0,2.0,1.0,1.0,0.0,0.0,1.0,21.0,21.0,S
1.0,2.0,1.0,1.0,0.0,0.0,0.0,26.0,19.0,S
0.0,2.0,0.0,1.0,0.0,0.0,1.0,21.0,43.0,NS
1.0,2.0,1.0,1.0,0.0,0.0,0.0,13.0,32.0,S
0.0,2.0,0.0,1.0,0.0,0.0,0.0,13.0,34.0,NS
1.0,2.0,0.0,2.0,0.0,0.0,0.0,12.7375,30.0,S
0.0,2.0,0.0,2.0,0.0,0.0,0.0,15.0333,27.0,NS
1.0,2.0,1.0,1.0,0.0,1.0,1.0,26.0,2.0,S
1.0,2.0,1.0,1.0,0.0,1.0,1.0,26.0,8.0,S
1.0,2.0,1.0,1.0,0.0,0.0,2.0,26.0,33.0,S
0.0,2.0,0.0,1.0,0.0,0.0,0.0,10.5,36.0,NS
0.0,2.0,0.0,1.0,0.0,1.0,0.0,21.0,34.0,NS
1.0,2.0,1.0,1.0,0.0,3.0,0.0,21.0,30.0,S
1.0,2.0,1.0,1.0,0.0,0.0,0.0,13.0,28.0,S
0.0,2.0,0.0,2.0,0.0,0.0,0.0,15.0458,23.0,NS
1.0,2.0,0.0,1.0,0.0,1.0,1.0,18.75,0.8333,S
1.0,2.0,0.0,1.0,0.0,1.0,1.0,18.75,3.0,S
1.0,2.0,1.0,1.0,0.0,2.0,3.0,18.75,24.0,S
1.0,2.0,1.0,1.0,0.0,0.0,0.0,10.5,50.0,S
0.0,2.0,0.0,1.0,0.0,0.0,0.0,10.5,19.0,NS
1.0,2.0,1.0,1.0,0.0,0.0,0.0,10.5,21.0,S
0.0,2.0,0.0,1.0,0.0,0.0,0.0,13.0,26.0,NS
0.0,2.0,0.0,1.0,0.0,0.0,0.0,13.0,25.0,NS
0.0,2.0,0.0,1.0,0.0,0.0,0.0,26.0,27.0,NS
1.0,2.0,1.0,1.0,0.0,0.0,1.0,26.0,25.0,S
1.0,2.0,1.0,1.0,0.0,0.0,2.0,13.0,18.0,S
1.0,2.0,1.0,1.0,0.0,0.0,0.0,36.75,20.0,S
1.0,2.0,1.0,1.0,0.0,0.0,0.0,13.0,30.0,S
0.0,2.0,0.0,1.0,0.0,0.0,0.0,13.5,59.0,NS
1.0,2.0,1.0,3.0,0.0,0.0,0.0,12.35,30.0,S
0.0,2.0,0.0,1.0,0.0,0.0,0.0,10.5,35.0,NS
1.0,2.0,1.0,1.0,0.0,0.0,0.0,13.0,40.0,S
0.0,2.0,0.0,1.0,0.0,0.0,0.0,13.0,25.0,NS
0.0,2.0,0.0,2.0,0.0,0.0,0.0,15.0458,41.0,NS
0.0,2.0,0.0,1.0,0.0,0.0,0.0,10.5,25.0,NS
0.0,2.0,0.0,1.0,6.0,0.0,0.0,13.0,18.5,NS
0.0,2.0,0.0,1.0,0.0,0.0,0.0,65.0,14.0,NS
1.0,2.0,1.0,1.0,0.0,0.0,0.0,10.5,50.0,S
0.0,2.0,0.0,1.0,0.0,0.0,0.0,13.0,23.0,NS
1.0,2.0,1.0,1.0,0.0,0.0,0.0,12.65,28.0,S
1.0,2.0,1.0,1.0,5.0,0.0,0.0,10.5,27.0,S
0.0,2.0,0.0,1.0,0.0,1.0,0.0,21.0,29.0,NS
0.0,2.0,1.0,1.0,0.0,1.0,0.0,21.0,27.0,NS
0.0,2.0,0.0,1.0,0.0,0.0,0.0,13.0,40.0,NS
1.0,2.0,1.0,1.0,0.0,0.0,0.0,21.0,31.0,S
0.0,2.0,0.0,1.0,0.0,1.0,0.0,21.0,30.0,NS
0.0,2.0,0.0,1.0,0.0,1.0,0.0,10.5,23.0,NS
1.0,2.0,1.0,1.0,0.0,0.0,0.0,21.0,31.0,S
0.0,2.0,0.0,1.0,0.0,0.0,0.0,0.0,29.8811345124283,NS
1.0,2.0,1.0,1.0,0.0,0.0,0.0,15.75,12.0,S
1.0,2.0,1.0,1.0,0.0,0.0,0.0,15.75,40.0,S
1.0,2.0,1.0,1.0,5.0,0.0,0.0,13.0,32.5,S
0.0,2.0,0.0,1.0,0.0,1.0,0.0,26.0,27.0,NS
1.0,2.0,1.0,1.0,0.0,1.0,0.0,26.0,29.0,S
1.0,2.0,0.0,1.0,0.0,1.0,1.0,23.0,2.0,S
1.0,2.0,1.0,1.0,0.0,1.0,1.0,23.0,4.0,S
1.0,2.0,1.0,1.0,0.0,0.0,2.0,23.0,29.0,S
1.0,2.0,1.0,1.0,0.0,1.0,2.0,27.75,0.9167,S
1.0,2.0,1.0,1.0,0.0,1.0,2.0,27.75,5.0,S
0.0,2.0,0.0,1.0,0.0,1.0,2.0,27.75,36.0,NS
1.0,2.0,1.0,1.0,0.0,1.0,2.0,27.75,33.0,S
0.0,2.0,0.0,1.0,0.0,0.0,0.0,10.5,66.0,NS
0.0,2.0,0.0,1.0,0.0,0.0,0.0,12.875,29.8811345124283,NS
1.0,2.0,0.0,1.0,0.0,0.0,0.0,13.0,31.0,S
1.0,2.0,0.0,1.0,0.0,0.0,0.0,13.0,29.8811345124283,S
1.0,2.0,1.0,1.0,0.0,0.0,0.0,13.5,26.0,S
0.0,2.0,1.0,1.0,0.0,0.0,0.0,13.0,24.0,NS
0.0,3.0,0.0,1.0,0.0,0.0,0.0,7.55,42.0,NS
0.0,3.0,0.0,1.0,0.0,0.0,2.0,20.25,13.0,NS
0.0,3.0,0.0,1.0,0.0,1.0,1.0,20.25,16.0,NS
1.0,3.0,1.0,1.0,0.0,1.0,1.0,20.25,35.0,S
1.0,3.0,1.0,1.0,0.0,0.0,0.0,7.65,16.0,S
1.0,3.0,0.0,1.0,6.0,0.0,0.0,7.65,25.0,S
1.0,3.0,0.0,1.0,0.0,0.0,0.0,7.925,20.0,S
1.0,3.0,1.0,2.0,0.0,0.0,0.0,7.2292,18.0,S
0.0,3.0,0.0,1.0,0.0,0.0,0.0,7.25,30.0,NS
0.0,3.0,0.0,1.0,0.0,0.0,0.0,8.05,26.0,NS
0.0,3.0,1.0,1.0,0.0,1.0,0.0,9.475,40.0,NS
1.0,3.0,0.0,1.0,0.0,0.0,1.0,9.35,0.8333,S
1.0,3.0,1.0,1.0,0.0,0.0,1.0,9.35,18.0,S
1.0,3.0,0.0,2.0,0.0,0.0,0.0,18.7875,26.0,S
0.0,3.0,0.0,1.0,0.0,0.0,0.0,7.8875,26.0,NS
0.0,3.0,0.0,1.0,0.0,0.0,0.0,7.925,20.0,NS
0.0,3.0,0.0,1.0,0.0,0.0,0.0,7.05,24.0,NS
0.0,3.0,0.0,1.0,0.0,0.0,0.0,7.05,25.0,NS
0.0,3.0,0.0,1.0,0.0,0.0,0.0,8.05,35.0,NS
0.0,3.0,0.0,1.0,0.0,0.0,0.0,8.3,18.0,NS
0.0,3.0,0.0,1.0,0.0,0.0,0.0,22.525,32.0,NS
1.0,3.0,1.0,1.0,0.0,1.0,0.0,7.8542,19.0,S
0.0,3.0,0.0,1.0,0.0,4.0,2.0,31.275,4.0,NS
0.0,3.0,1.0,1.0,0.0,4.0,2.0,31.275,6.0,NS
0.0,3.0,1.0,1.0,0.0,4.0,2.0,31.275,2.0,NS
1.0,3.0,1.0,1.0,0.0,4.0,2.0,7.925,17.0,S
0.0,3.0,1.0,1.0,0.0,4.0,2.0,7.775,38.0,NS
0.0,3.0,1.0,1.0,0.0,4.0,2.0,31.275,9.0,NS
0.0,3.0,1.0,1.0,0.0,4.0,2.0,31.275,11.0,NS
0.0,3.0,0.0,1.0,0.0,1.0,5.0,31.275,39.0,NS
1.0,3.0,0.0,1.0,0.0,0.0,0.0,7.7958,27.0,S
0.0,3.0,0.0,1.0,0.0,0.0,0.0,7.775,26.0,NS
0.0,3.0,1.0,1.0,0.0,1.0,5.0,31.275,39.0,NS
0.0,3.0,0.0,1.0,0.0,0.0,0.0,7.8542,20.0,NS
0.0,3.0,0.0,1.0,0.0,0.0,0.0,7.8958,26.0,NS
0.0,3.0,0.0,1.0,0.0,1.0,0.0,17.8,25.0,NS
0.0,3.0,1.0,1.0,0.0,1.0,0.0,17.8,18.0,NS
0.0,3.0,0.0,1.0,0.0,0.0,0.0,7.775,24.0,NS
0.0,3.0,0.0,1.0,0.0,0.0,0.0,7.05,35.0,NS
0.0,3.0,0.0,1.0,0.0,4.0,2.0,31.3875,5.0,NS
0.0,3.0,0.0,1.0,0.0,4.0,2.0,31.3875,9.0,NS
1.0,3.0,0.0,1.0,0.0,4.0,2.0,31.3875,3.0,S
0.0,3.0,0.0,1.0,0.0,4.0,2.0,31.3875,13.0,NS
1.0,3.0,1.0,1.0,0.0,4.0,2.0,31.3875,5.0,S
0.0,3.0,0.0,1.0,0.0,1.0,5.0,31.3875,40.0,NS
1.0,3.0,0.0,1.0,0.0,0.0,0.0,7.7958,23.0,S
1.0,3.0,1.0,1.0,0.0,1.0,5.0,31.3875,38.0,S
1.0,3.0,1.0,2.0,0.0,0.0,0.0,7.225,45.0,S
0.0,3.0,0.0,2.0,0.0,0.0,0.0,7.225,21.0,NS
0.0,3.0,0.0,1.0,0.0,0.0,0.0,7.05,23.0,NS
0.0,3.0,1.0,2.0,0.0,0.0,0.0,14.4583,17.0,NS
0.0,3.0,0.0,2.0,0.0,0.0,0.0,7.225,30.0,NS
0.0,3.0,0.0,1.0,0.0,0.0,0.0,7.8542,23.0,NS
1.0,3.0,1.0,2.0,0.0,0.0,0.0,7.2292,13.0,S
0.0,3.0,0.0,2.0,0.0,0.0,0.0,7.225,20.0,NS
0.0,3.0,0.0,1.0,0.0,1.0,0.0,15.85,32.0,NS
1.0,3.0,1.0,1.0,0.0,3.0,0.0,15.85,33.0,S
1.0,3.0,1.0,2.0,0.0,2.0,1.0,19.2583,0.75,S
1.0,3.0,1.0,2.0,0.0,2.0,1.0,19.2583,0.75,S
1.0,3.0,1.0,2.0,0.0,2.0,1.0,19.2583,5.0,S
1.0,3.0,1.0,2.0,0.0,0.0,3.0,19.2583,24.0,S
1.0,3.0,1.0,1.0,0.0,0.0,0.0,8.05,18.0,S
0.0,3.0,0.0,2.0,0.0,0.0,0.0,7.225,40.0,NS
0.0,3.0,0.0,1.0,0.0,0.0,0.0,7.8958,26.0,NS
1.0,3.0,0.0,2.0,0.0,0.0,0.0,7.2292,20.0,S
0.0,3.0,1.0,2.0,0.0,0.0,1.0,14.4542,18.0,NS
0.0,3.0,1.0,2.0,0.0,0.0,1.0,14.4542,45.0,NS
0.0,3.0,1.0,3.0,0.0,0.0,0.0,7.8792,27.0,NS
0.0,3.0,0.0,1.0,0.0,0.0,0.0,8.05,22.0,NS
0.0,3.0,0.0,1.0,0.0,0.0,0.0,8.05,19.0,NS
0.0,3.0,0.0,1.0,0.0,0.0,0.0,7.775,26.0,NS
0.0,3.0,0.0,1.0,0.0,0.0,0.0,9.35,22.0,NS
0.0,3.0,0.0,2.0,0.0,0.0,0.0,7.2292,29.8811345124283,NS
0.0,3.0,0.0,2.0,0.0,0.0,0.0,4.0125,20.0,NS
1.0,3.0,0.0,1.0,0.0,0.0,0.0,56.4958,32.0,S
0.0,3.0,0.0,1.0,0.0,0.0,0.0,7.775,21.0,NS
0.0,3.0,0.0,1.0,0.0,0.0,0.0,7.75,18.0,NS
0.0,3.0,0.0,1.0,0.0,0.0,0.0,7.8958,26.0,NS
0.0,3.0,0.0,2.0,0.0,1.0,1.0,15.2458,6.0,NS
0.0,3.0,1.0,2.0,0.0,1.0,1.0,15.2458,9.0,NS
0.0,3.0,0.0,2.0,0.0,0.0,0.0,7.225,29.8811345124283,NS
0.0,3.0,1.0,2.0,0.0,0.0,2.0,15.2458,29.8811345124283,NS
0.0,3.0,1.0,3.0,0.0,0.0,2.0,7.75,29.8811345124283,NS
0.0,3.0,0.0,3.0,0.0,1.0,1.0,15.5,40.0,NS
0.0,3.0,1.0,3.0,0.0,1.0,1.0,15.5,32.0,NS
0.0,3.0,0.0,1.0,0.0,0.0,0.0,16.1,21.0,NS
1.0,3.0,1.0,3.0,0.0,0.0,0.0,7.725,22.0,S
0.0,3.0,1.0,1.0,0.0,0.0,0.0,7.8542,20.0,NS
0.0,3.0,0.0,1.0,0.0,1.0,0.0,7.0458,29.0,NS
0.0,3.0,0.0,1.0,0.0,1.0,0.0,7.25,22.0,NS
0.0,3.0,0.0,1.0,0.0,0.0,0.0,7.7958,22.0,NS
0.0,3.0,0.0,1.0,0.0,0.0,0.0,8.05,35.0,NS
0.0,3.0,1.0,3.0,0.0,0.0,0.0,7.2833,18.5,NS
1.0,3.0,0.0,3.0,0.0,0.0,0.0,7.8208,21.0,S
0.0,3.0,0.0,3.0,0.0,0.0,0.0,6.75,19.0,NS
0.0,3.0,1.0,3.0,0.0,0.0,0.0,7.8792,18.0,NS
0.0,3.0,1.0,1.0,0.0,0.0,0.0,8.6625,21.0,NS
0.0,3.0,1.0,1.0,0.0,0.0,0.0,8.6625,30.0,NS
0.0,3.0,0.0,1.0,0.0,0.0,0.0,8.6625,18.0,NS
0.0,3.0,0.0,1.0,0.0,0.0,0.0,8.6625,38.0,NS
0.0,3.0,0.0,1.0,0.0,0.0,0.0,8.6625,17.0,NS
0.0,3.0,0.0,1.0,0.0,0.0,0.0,8.6625,17.0,NS
0.0,3.0,1.0,3.0,0.0,0.0,0.0,7.75,21.0,NS
0.0,3.0,0.0,3.0,0.0,0.0,0.0,7.75,21.0,NS
0.0,3.0,0.0,1.0,0.0,0.0,0.0,8.05,21.0,NS
0.0,3.0,0.0,2.0,0.0,1.0,0.0,14.4583,29.8811345124283,NS
0.0,3.0,1.0,2.0,0.0,1.0,0.0,14.4583,29.8811345124283,NS
0.0,3.0,0.0,1.0,0.0,0.0,0.0,7.7958,28.0,NS
0.0,3.0,0.0,1.0,0.0,0.0,0.0,7.8542,24.0,NS
1.0,3.0,1.0,3.0,0.0,0.0,0.0,7.75,16.0,S
0.0,3.0,1.0,3.0,0.0,0.0,0.0,7.75,37.0,NS
0.0,3.0,0.0,1.0,0.0,0.0,0.0,7.25,28.0,NS
0.0,3.0,0.0,1.0,0.0,0.0,0.0,8.05,24.0,NS
0.0,3.0,0.0,3.0,0.0,0.0,0.0,7.7333,21.0,NS
1.0,3.0,0.0,1.0,0.0,0.0,0.0,56.4958,32.0,S
0.0,3.0,0.0,1.0,0.0,0.0,0.0,8.05,29.0,NS
0.0,3.0,0.0,2.0,0.0,1.0,0.0,14.4542,26.0,NS
0.0,3.0,0.0,2.0,0.0,1.0,0.0,14.4542,18.0,NS
0.0,3.0,0.0,1.0,0.0,0.0,0.0,7.05,20.0,NS
1.0,3.0,0.0,1.0,0.0,0.0,0.0,8.05,18.0,S
0.0,3.0,0.0,3.0,0.0,0.0,0.0,7.25,24.0,NS
0.0,3.0,0.0,1.0,0.0,0.0,0.0,7.4958,36.0,NS
0.0,3.0,0.0,1.0,0.0,0.0,0.0,7.4958,24.0,NS
0.0,3.0,0.0,3.0,0.0,0.0,0.0,7.7333,31.0,NS
0.0,3.0,0.0,3.0,0.0,0.0,0.0,7.75,31.0,NS
1.0,3.0,1.0,3.0,0.0,0.0,0.0,7.75,22.0,S
0.0,3.0,1.0,3.0,0.0,0.0,0.0,7.6292,30.0,NS
0.0,3.0,0.0,3.0,0.0,0.0,0.0,7.75,70.5,NS
0.0,3.0,0.0,1.0,0.0,0.0,0.0,8.05,43.0,NS
0.0,3.0,0.0,1.0,0.0,0.0,0.0,7.8958,35.0,NS
0.0,3.0,0.0,1.0,0.0,0.0,0.0,7.8958,27.0,NS
0.0,3.0,0.0,1.0,0.0,0.0,0.0,7.8958,19.0,NS
0.0,3.0,0.0,1.0,0.0,0.0,0.0,8.05,30.0,NS
1.0,3.0,0.0,1.0,0.0,1.0,1.0,15.9,9.0,S
1.0,3.0,0.0,1.0,0.0,1.0,1.0,15.9,3.0,S
1.0,3.0,1.0,1.0,0.0,0.0,2.0,15.9,36.0,S
0.0,3.0,0.0,1.0,0.0,0.0,0.0,7.25,59.0,NS
0.0,3.0,0.0,1.0,0.0,0.0,0.0,8.1583,19.0,NS
1.0,3.0,1.0,1.0,0.0,0.0,1.0,16.1,17.0,S
0.0,3.0,0.0,1.0,0.0,0.0,1.0,16.1,44.0,NS
0.0,3.0,0.0,1.0,0.0,0.0,0.0,8.6625,17.0,NS
0.0,3.0,0.0,2.0,0.0,0.0,0.0,7.225,22.5,NS
1.0,3.0,0.0,1.0,0.0,0.0,0.0,8.05,45.0,S
0.0,3.0,1.0,1.0,0.0,0.0,0.0,10.5167,22.0,NS
0.0,3.0,0.0,1.0,0.0,0.0,0.0,10.1708,19.0,NS
1.0,3.0,1.0,3.0,0.0,0.0,0.0,6.95,30.0,S
1.0,3.0,0.0,3.0,0.0,0.0,0.0,7.75,29.0,S
0.0,3.0,0.0,1.0,0.0,0.0,2.0,14.4,0.3333,NS
0.0,3.0,0.0,1.0,0.0,1.0,1.0,14.4,34.0,NS
0.0,3.0,1.0,1.0,0.0,1.0,1.0,14.4,28.0,NS
0.0,3.0,0.0,1.0,0.0,0.0,0.0,7.8958,27.0,NS
0.0,3.0,0.0,1.0,0.0,0.0,0.0,7.8958,25.0,NS
0.0,3.0,0.0,1.0,0.0,2.0,0.0,24.15,24.0,NS
0.0,3.0,0.0,1.0,0.0,0.0,0.0,8.05,22.0,NS
0.0,3.0,0.0,1.0,0.0,2.0,0.0,24.15,21.0,NS
0.0,3.0,0.0,1.0,0.0,2.0,0.0,8.05,17.0,NS
0.0,3.0,0.0,1.0,0.0,1.0,0.0,16.1,29.8811345124283,NS
1.0,3.0,1.0,1.0,0.0,1.0,0.0,16.1,29.8811345124283,S
1.0,3.0,0.0,1.0,0.0,1.0,0.0,17.4,36.5,S
1.0,3.0,1.0,1.0,0.0,1.0,0.0,17.4,36.0,S
1.0,3.0,0.0,1.0,0.0,0.0,0.0,9.5,30.0,S
0.0,3.0,0.0,1.0,0.0,0.0,0.0,9.5,16.0,NS
1.0,3.0,0.0,1.0,0.0,1.0,2.0,20.575,1.0,S
1.0,3.0,1.0,1.0,0.0,1.0,2.0,20.575,0.1667,S
0.0,3.0,0.0,1.0,0.0,1.0,2.0,20.575,26.0,NS
1.0,3.0,1.0,1.0,0.0,1.0,2.0,20.575,33.0,S
0.0,3.0,0.0,1.0,0.0,0.0,0.0,7.8958,25.0,NS
0.0,3.0,0.0,1.0,0.0,0.0,0.0,7.8958,29.8811345124283,NS
0.0,3.0,0.0,1.0,0.0,0.0,0.0,7.8958,29.8811345124283,NS
0.0,3.0,0.0,1.0,0.0,0.0,0.0,7.25,22.0,NS
0.0,3.0,0.0,1.0,0.0,0.0,0.0,7.25,36.0,NS
1.0,3.0,1.0,3.0,0.0,0.0,0.0,7.8792,19.0,S
0.0,3.0,0.0,1.0,0.0,0.0,0.0,7.8958,17.0,NS
0.0,3.0,0.0,1.0,0.0,0.0,0.0,8.6625,42.0,NS
0.0,3.0,0.0,1.0,0.0,0.0,0.0,7.8958,43.0,NS
0.0,3.0,0.0,2.0,0.0,0.0,0.0,7.2292,29.8811345124283,NS
0.0,3.0,0.0,3.0,0.0,0.0,0.0,7.75,32.0,NS
1.0,3.0,0.0,1.0,0.0,0.0,0.0,8.05,19.0,S
1.0,3.0,1.0,1.0,0.0,0.0,0.0,12.475,30.0,S
0.0,3.0,1.0,3.0,0.0,0.0,0.0,7.75,24.0,NS
1.0,3.0,1.0,1.0,0.0,0.0,0.0,8.05,23.0,S
0.0,3.0,0.0,2.0,0.0,0.0,0.0,7.8958,33.0,NS
0.0,3.0,0.0,3.0,0.0,0.0,0.0,7.75,65.0,NS
1.0,3.0,0.0,1.0,0.0,0.0,0.0,7.55,24.0,S
0.0,3.0,0.0,1.0,0.0,1.0,0.0,13.9,23.0,NS
1.0,3.0,1.0,1.0,0.0,1.0,0.0,13.9,22.0,S
0.0,3.0,0.0,1.0,0.0,0.0,0.0,7.775,18.0,NS
0.0,3.0,0.0,1.0,0.0,0.0,0.0,7.775,16.0,NS
0.0,3.0,0.0,1.0,0.0,0.0,0.0,6.975,45.0,NS
0.0,3.0,0.0,2.0,0.0,0.0,0.0,7.225,29.8811345124283,NS
0.0,3.0,0.0,2.0,0.0,0.0,2.0,7.2292,39.0,NS
0.0,3.0,0.0,2.0,0.0,1.0,1.0,7.2292,17.0,NS
0.0,3.0,0.0,2.0,0.0,1.0,1.0,7.2292,15.0,NS
0.0,3.0,0.0,1.0,0.0,0.0,0.0,7.25,47.0,NS
1.0,3.0,1.0,1.0,0.0,0.0,0.0,12.475,5.0,S
0.0,3.0,0.0,2.0,0.0,0.0,0.0,7.225,29.8811345124283,NS
0.0,3.0,0.0,1.0,0.0,0.0,0.0,15.1,40.5,NS
0.0,3.0,0.0,3.0,0.0,0.0,0.0,7.75,40.5,NS
1.0,3.0,0.0,1.0,0.0,0.0,0.0,7.05,29.8811345124283,S
0.0,3.0,0.0,1.0,0.0,0.0,0.0,7.7958,18.0,NS
0.0,3.0,1.0,3.0,0.0,0.0,0.0,7.75,29.8811345124283,NS
0.0,3.0,0.0,3.0,0.0,0.0,0.0,7.75,29.8811345124283,NS
0.0,3.0,0.0,3.0,0.0,0.0,0.0,6.95,29.8811345124283,NS
0.0,3.0,0.0,3.0,0.0,0.0,0.0,7.8792,26.0,NS
0.0,3.0,0.0,3.0,0.0,0.0,0.0,7.75,29.8811345124283,NS
1.0,3.0,0.0,1.0,0.0,0.0,0.0,56.4958,29.8811345124283,S
0.0,3.0,1.0,1.0,0.0,2.0,2.0,34.375,21.0,NS
0.0,3.0,1.0,1.0,0.0,2.0,2.0,34.375,9.0,NS
0.0,3.0,0.0,1.0,0.0,0.0,0.0,8.05,29.8811345124283,NS
0.0,3.0,0.0,1.0,0.0,2.0,2.0,34.375,18.0,NS
0.0,3.0,0.0,1.0,0.0,1.0,3.0,34.375,16.0,NS
0.0,3.0,1.0,1.0,0.0,1.0,3.0,34.375,48.0,NS
0.0,3.0,0.0,3.0,0.0,0.0,0.0,7.75,29.8811345124283,NS
0.0,3.0,0.0,1.0,0.0,0.0,0.0,7.25,29.8811345124283,NS
0.0,3.0,0.0,3.0,0.0,0.0,0.0,7.7417,25.0,NS
0.0,3.0,0.0,1.0,0.0,0.0,0.0,14.5,29.8811345124283,NS
0.0,3.0,0.0,2.0,0.0,0.0,0.0,7.8958,29.8811345124283,NS
0.0,3.0,0.0,1.0,0.0,0.0,0.0,8.05,22.0,NS
1.0,3.0,1.0,3.0,0.0,0.0,0.0,7.7333,16.0,S
1.0,3.0,1.0,3.0,0.0,0.0,0.0,7.75,29.8811345124283,S
1.0,3.0,0.0,1.0,0.0,0.0,2.0,20.525,9.0,S
0.0,3.0,0.0,1.0,0.0,1.0,1.0,20.525,33.0,NS
0.0,3.0,0.0,1.0,0.0,0.0,0.0,7.85,41.0,NS
1.0,3.0,1.0,1.0,0.0,1.0,1.0,20.525,31.0,S
0.0,3.0,0.0,1.0,0.0,0.0,0.0,7.05,38.0,NS
0.0,3.0,0.0,1.0,0.0,5.0,2.0,46.9,9.0,NS
0.0,3.0,0.0,1.0,0.0,5.0,2.0,46.9,1.0,NS
0.0,3.0,0.0,1.0,0.0,5.0,2.0,46.9,11.0,NS
0.0,3.0,1.0,1.0,0.0,5.0,2.0,46.9,10.0,NS
0.0,3.0,1.0,1.0,0.0,5.0,2.0,46.9,16.0,NS
0.0,3.0,0.0,1.0,0.0,5.0,2.0,46.9,14.0,NS
0.0,3.0,0.0,1.0,0.0,1.0,6.0,46.9,40.0,NS
0.0,3.0,1.0,1.0,0.0,1.0,6.0,46.9,43.0,NS
0.0,3.0,0.0,1.0,0.0,0.0,0.0,8.05,51.0,NS
0.0,3.0,0.0,1.0,0.0,0.0,0.0,8.3625,32.0,NS
0.0,3.0,0.0,1.0,0.0,0.0,0.0,8.05,29.8811345124283,NS
0.0,3.0,0.0,1.0,0.0,0.0,0.0,9.8458,20.0,NS
0.0,3.0,0.0,1.0,0.0,2.0,0.0,7.925,37.0,NS
0.0,3.0,0.0,1.0,0.0,2.0,0.0,7.925,28.0,NS
0.0,3.0,0.0,1.0,0.0,0.0,0.0,7.775,19.0,NS
0.0,3.0,1.0,1.0,0.0,0.0,0.0,8.85,24.0,NS
0.0,3.0,1.0,3.0,0.0,0.0,0.0,7.7333,17.0,NS
0.0,3.0,0.0,1.0,0.0,1.0,0.0,19.9667,29.8811345124283,NS
0.0,3.0,0.0,1.0,0.0,1.0,0.0,19.9667,29.8811345124283,NS
0.0,3.0,0.0,1.0,0.0,1.0,0.0,15.85,28.0,NS
1.0,3.0,1.0,1.0,0.0,1.0,0.0,15.85,24.0,S
0.0,3.0,0.0,1.0,0.0,0.0,0.0,9.5,20.0,NS
0.0,3.0,0.0,2.0,0.0,0.0,0.0,7.2292,23.5,NS
0.0,3.0,0.0,1.0,0.0,2.0,0.0,14.1083,41.0,NS
0.0,3.0,0.0,1.0,0.0,1.0,0.0,7.8542,26.0,NS
0.0,3.0,0.0,1.0,0.0,0.0,0.0,7.8542,21.0,NS
1.0,3.0,1.0,1.0,0.0,1.0,0.0,14.1083,45.0,S
0.0,3.0,1.0,1.0,0.0,0.0,0.0,7.55,29.8811345124283,NS
0.0,3.0,0.0,1.0,0.0,0.0,0.0,7.25,25.0,NS
0.0,3.0,0.0,3.0,0.0,0.0,0.0,6.8583,29.8811345124283,NS
0.0,3.0,0.0,2.0,0.0,0.0,0.0,18.7875,11.0,NS
1.0,3.0,1.0,3.0,0.0,0.0,0.0,7.75,29.8811345124283,S
1.0,3.0,0.0,1.0,0.0,0.0,0.0,6.975,27.0,S
1.0,3.0,0.0,1.0,0.0,0.0,0.0,56.4958,29.8811345124283,S
0.0,3.0,1.0,3.0,0.0,0.0,0.0,6.75,18.0,NS
1.0,3.0,1.0,1.0,0.0,0.0,0.0,7.925,26.0,S
0.0,3.0,1.0,1.0,0.0,0.0,0.0,7.925,23.0,NS
1.0,3.0,1.0,1.0,0.0,0.0,0.0,8.9625,22.0,S
0.0,3.0,0.0,1.0,0.0,0.0,0.0,7.8958,28.0,NS
0.0,3.0,1.0,1.0,0.0,0.0,0.0,7.775,28.0,NS
0.0,3.0,1.0,3.0,0.0,0.0,0.0,7.75,29.8811345124283,NS
1.0,3.0,1.0,1.0,0.0,0.0,1.0,12.2875,2.0,S
1.0,3.0,1.0,1.0,0.0,1.0,1.0,12.2875,22.0,S
0.0,3.0,0.0,1.0,0.0,0.0,0.0,6.45,43.0,NS
0.0,3.0,0.0,1.0,0.0,0.0,0.0,22.525,28.0,NS
1.0,3.0,1.0,1.0,0.0,0.0,0.0,7.925,27.0,S
0.0,3.0,0.0,3.0,0.0,0.0,0.0,7.75,29.8811345124283,NS
1.0,3.0,1.0,1.0,0.0,0.0,0.0,8.05,29.8811345124283,S
0.0,3.0,0.0,1.0,6.0,0.0,0.0,7.65,42.0,NS
1.0,3.0,0.0,1.0,0.0,0.0,0.0,7.8875,29.8811345124283,S
0.0,3.0,0.0,2.0,0.0,0.0,0.0,7.2292,30.0,NS
0.0,3.0,0.0,1.0,0.0,0.0,0.0,7.8958,29.8811345124283,NS
0.0,3.0,1.0,1.0,0.0,1.0,0.0,7.925,27.0,NS
0.0,3.0,1.0,1.0,0.0,1.0,0.0,7.925,25.0,NS
0.0,3.0,0.0,1.0,0.0,0.0,0.0,7.8958,29.8811345124283,NS
1.0,3.0,0.0,2.0,0.0,0.0,0.0,7.8958,29.0,S
1.0,3.0,0.0,1.0,0.0,0.0,0.0,7.7958,21.0,S
0.0,3.0,0.0,1.0,0.0,0.0,0.0,7.05,29.8811345124283,NS
0.0,3.0,0.0,1.0,0.0,0.0,0.0,7.8542,20.0,NS
0.0,3.0,0.0,1.0,0.0,0.0,0.0,7.8542,48.0,NS
0.0,3.0,0.0,1.0,0.0,1.0,0.0,7.0542,17.0,NS
1.0,3.0,1.0,3.0,0.0,0.0,0.0,7.75,29.8811345124283,S
1.0,3.0,0.0,1.0,0.0,0.0,0.0,8.1125,29.8811345124283,S
0.0,3.0,0.0,1.0,0.0,0.0,0.0,6.4958,34.0,NS
1.0,3.0,0.0,1.0,0.0,0.0,0.0,7.775,26.0,S
0.0,3.0,0.0,1.0,0.0,0.0,0.0,7.7958,22.0,NS
0.0,3.0,0.0,1.0,0.0,0.0,0.0,8.6542,33.0,NS
0.0,3.0,0.0,1.0,0.0,0.0,0.0,7.775,31.0,NS
0.0,3.0,0.0,1.0,0.0,0.0,0.0,7.8542,29.0,NS
1.0,3.0,0.0,1.0,0.0,1.0,1.0,11.1333,4.0,S
1.0,3.0,1.0,1.0,0.0,1.0,1.0,11.1333,1.0,S
0.0,3.0,0.0,1.0,0.0,0.0,0.0,0.0,49.0,NS
0.0,3.0,0.0,1.0,0.0,0.0,0.0,7.775,33.0,NS
0.0,3.0,0.0,1.0,0.0,0.0,0.0,0.0,19.0,NS
1.0,3.0,1.0,1.0,0.0,0.0,2.0,11.1333,27.0,S
0.0,3.0,0.0,1.0,0.0,1.0,2.0,23.45,29.8811345124283,NS
0.0,3.0,1.0,1.0,0.0,1.0,2.0,23.45,29.8811345124283,NS
0.0,3.0,0.0,1.0,0.0,1.0,2.0,23.45,29.8811345124283,NS
0.0,3.0,1.0,1.0,0.0,1.0,2.0,23.45,29.8811345124283,NS
0.0,3.0,0.0,1.0,0.0,0.0,0.0,7.8958,23.0,NS
1.0,3.0,0.0,1.0,0.0,0.0,0.0,7.8542,32.0,S
0.0,3.0,0.0,1.0,0.0,0.0,0.0,7.8542,27.0,NS
0.0,3.0,1.0,1.0,0.0,1.0,0.0,9.825,20.0,NS
0.0,3.0,1.0,1.0,0.0,1.0,0.0,9.825,21.0,NS
1.0,3.0,0.0,1.0,0.0,0.0,0.0,7.925,32.0,S
0.0,3.0,0.0,1.0,0.0,0.0,0.0,7.125,17.0,NS
0.0,3.0,0.0,1.0,0.0,0.0,0.0,8.4333,21.0,NS
0.0,3.0,0.0,1.0,0.0,0.0,0.0,7.8958,30.0,NS
1.0,3.0,0.0,1.0,0.0,0.0,0.0,7.7958,21.0,S
0.0,3.0,0.0,1.0,0.0,0.0,0.0,7.8542,33.0,NS
0.0,3.0,0.0,1.0,0.0,0.0,0.0,7.5208,22.0,NS
1.0,3.0,1.0,2.0,0.0,0.0,1.0,13.4167,4.0,S
1.0,3.0,0.0,2.0,0.0,0.0,1.0,13.4167,39.0,S
0.0,3.0,0.0,2.0,0.0,0.0,0.0,7.2292,29.8811345124283,NS
0.0,3.0,0.0,2.0,0.0,0.0,0.0,7.2292,18.5,NS
0.0,3.0,0.0,3.0,0.0,0.0,0.0,7.75,29.8811345124283,NS
0.0,3.0,0.0,1.0,0.0,0.0,0.0,7.25,29.8811345124283,NS
1.0,3.0,1.0,3.0,0.0,0.0,0.0,7.75,29.8811345124283,S
1.0,3.0,1.0,3.0,0.0,0.0,0.0,7.75,29.8811345124283,S
0.0,3.0,0.0,3.0,0.0,0.0,0.0,7.8292,34.5,NS
0.0,3.0,0.0,1.0,0.0,0.0,0.0,8.05,44.0,NS
1.0,3.0,0.0,3.0,0.0,0.0,0.0,7.75,29.8811345124283,S
0.0,3.0,0.0,2.0,0.0,1.0,0.0,14.4542,29.8811345124283,NS
0.0,3.0,1.0,2.0,0.0,1.0,0.0,14.4542,29.8811345124283,NS
0.0,3.0,0.0,3.0,0.0,1.0,0.0,7.75,29.8811345124283,NS
0.0,3.0,0.0,3.0,0.0,1.0,0.0,7.75,29.8811345124283,NS
0.0,3.0,0.0,3.0,0.0,0.0,0.0,7.7375,29.8811345124283,NS
0.0,3.0,1.0,1.0,0.0,2.0,0.0,8.6625,22.0,NS
0.0,3.0,0.0,1.0,0.0,2.0,0.0,8.6625,26.0,NS
1.0,3.0,1.0,1.0,0.0,0.0,2.0,22.025,4.0,S
1.0,3.0,0.0,1.0,0.0,3.0,1.0,22.025,29.0,S
1.0,3.0,1.0,1.0,0.0,1.0,1.0,22.025,26.0,S
0.0,3.0,1.0,1.0,0.0,1.0,1.0,12.1833,1.0,NS
0.0,3.0,0.0,1.0,0.0,1.0,1.0,7.8542,18.0,NS
0.0,3.0,1.0,1.0,0.0,0.0,2.0,12.1833,36.0,NS
0.0,3.0,0.0,2.0,0.0,0.0,0.0,7.8958,29.8811345124283,NS
1.0,3.0,0.0,2.0,6.0,0.0,0.0,7.2292,25.0,S
0.0,3.0,0.0,2.0,0.0,0.0,0.0,7.225,29.8811345124283,NS
0.0,3.0,1.0,1.0,0.0,0.0,0.0,9.5875,37.0,NS
0.0,3.0,0.0,1.0,0.0,0.0,0.0,7.8958,29.8811345124283,NS
1.0,3.0,0.0,1.0,0.0,0.0,0.0,56.4958,29.8811345124283,S
0.0,3.0,0.0,1.0,0.0,0.0,0.0,56.4958,29.8811345124283,NS
1.0,3.0,1.0,1.0,0.0,0.0,0.0,7.25,22.0,S
0.0,3.0,0.0,3.0,0.0,0.0,0.0,7.75,29.8811345124283,NS
1.0,3.0,0.0,1.0,0.0,0.0,0.0,56.4958,26.0,S
0.0,3.0,0.0,1.0,0.0,0.0,0.0,9.4833,29.0,NS
0.0,3.0,0.0,1.0,0.0,0.0,0.0,7.775,29.0,NS
0.0,3.0,0.0,1.0,0.0,0.0,0.0,7.775,22.0,NS
1.0,3.0,0.0,2.0,0.0,0.0,0.0,7.225,22.0,S
0.0,3.0,0.0,1.0,0.0,3.0,1.0,25.4667,29.8811345124283,NS
0.0,3.0,1.0,1.0,0.0,3.0,1.0,25.4667,29.8811345124283,NS
0.0,3.0,1.0,1.0,0.0,3.0,1.0,25.4667,29.8811345124283,NS
0.0,3.0,1.0,1.0,0.0,3.0,1.0,25.4667,29.8811345124283,NS
0.0,3.0,1.0,1.0,0.0,0.0,4.0,25.4667,29.8811345124283,NS
0.0,3.0,0.0,1.0,0.0,0.0,0.0,7.925,32.0,NS
0.0,3.0,0.0,2.0,0.0,0.0,0.0,6.4375,34.5,NS
0.0,3.0,1.0,3.0,0.0,1.0,0.0,15.5,29.8811345124283,NS
0.0,3.0,0.0,3.0,0.0,1.0,0.0,15.5,29.8811345124283,NS
0.0,3.0,0.0,1.0,0.0,0.0,0.0,0.0,36.0,NS
0.0,3.0,0.0,1.0,0.0,0.0,0.0,24.15,39.0,NS
0.0,3.0,0.0,1.0,0.0,0.0,0.0,9.5,24.0,NS
0.0,3.0,1.0,1.0,0.0,0.0,0.0,7.775,25.0,NS
0.0,3.0,1.0,1.0,0.0,0.0,0.0,7.75,45.0,NS
0.0,3.0,0.0,1.0,0.0,1.0,0.0,15.55,36.0,NS
0.0,3.0,1.0,1.0,0.0,1.0,0.0,15.55,30.0,NS
1.0,3.0,0.0,1.0,0.0,1.0,0.0,7.925,20.0,S
0.0,3.0,0.0,3.0,0.0,0.0,0.0,7.8792,29.8811345124283,NS
0.0,3.0,0.0,1.0,0.0,0.0,0.0,56.4958,28.0,NS
0.0,3.0,0.0,1.0,0.0,0.0,0.0,7.55,29.8811345124283,NS
0.0,3.0,0.0,1.0,0.0,1.0,0.0,16.1,30.0,NS
0.0,3.0,1.0,1.0,0.0,1.0,0.0,16.1,26.0,NS
0.0,3.0,0.0,1.0,0.0,0.0,0.0,7.8792,29.8811345124283,NS
0.0,3.0,0.0,1.0,0.0,0.0,0.0,7.25,20.5,NS
1.0,3.0,0.0,1.0,0.0,0.0,0.0,8.6625,27.0,S
0.0,3.0,0.0,1.0,0.0,0.0,0.0,7.0542,51.0,NS
1.0,3.0,1.0,1.0,0.0,0.0,0.0,7.8542,23.0,S
1.0,3.0,0.0,1.0,0.0,0.0,0.0,7.5792,32.0,S
0.0,3.0,0.0,1.0,0.0,0.0,0.0,7.8958,29.8811345124283,NS
0.0,3.0,0.0,1.0,0.0,0.0,0.0,7.55,29.8811345124283,NS
1.0,3.0,1.0,3.0,0.0,0.0,0.0,7.75,29.8811345124283,S
1.0,3.0,0.0,1.0,0.0,0.0,0.0,7.1417,24.0,S
0.0,3.0,0.0,1.0,0.0,0.0,0.0,7.125,22.0,NS
0.0,3.0,1.0,3.0,0.0,0.0,0.0,7.8792,29.8811345124283,NS
0.0,3.0,0.0,3.0,0.0,0.0,0.0,7.75,29.8811345124283,NS
0.0,3.0,0.0,1.0,0.0,0.0,0.0,8.05,29.8811345124283,NS
0.0,3.0,0.0,1.0,0.0,0.0,0.0,7.925,29.0,NS
1.0,3.0,0.0,2.0,0.0,0.0,0.0,7.2292,29.8811345124283,S
0.0,3.0,1.0,3.0,0.0,0.0,0.0,7.75,30.5,NS
1.0,3.0,1.0,3.0,0.0,0.0,0.0,7.7375,29.8811345124283,S
0.0,3.0,0.0,2.0,6.0,0.0,0.0,7.2292,29.8811345124283,NS
0.0,3.0,0.0,2.0,0.0,0.0,0.0,7.8958,35.0,NS
0.0,3.0,0.0,1.0,0.0,0.0,0.0,7.8958,33.0,NS
1.0,3.0,1.0,2.0,0.0,0.0,0.0,7.225,29.8811345124283,S
0.0,3.0,0.0,2.0,0.0,0.0,0.0,7.8958,29.8811345124283,NS
1.0,3.0,1.0,3.0,0.0,0.0,0.0,7.75,29.8811345124283,S
1.0,3.0,0.0,3.0,0.0,0.0,0.0,7.75,29.8811345124283,S
1.0,3.0,1.0,3.0,0.0,2.0,0.0,23.25,29.8811345124283,S
1.0,3.0,1.0,3.0,0.0,2.0,0.0,23.25,29.8811345124283,S
1.0,3.0,0.0,3.0,0.0,2.0,0.0,23.25,29.8811345124283,S
1.0,3.0,1.0,3.0,0.0,0.0,0.0,7.7875,29.8811345124283,S
0.0,3.0,0.0,3.0,0.0,0.0,0.0,15.5,29.8811345124283,NS
1.0,3.0,1.0,3.0,0.0,0.0,0.0,7.8792,29.8811345124283,S
1.0,3.0,1.0,3.0,0.0,0.0,0.0,8.0292,15.0,S
0.0,3.0,1.0,3.0,0.0,0.0,0.0,7.75,35.0,NS
0.0,3.0,0.0,3.0,0.0,0.0,0.0,7.75,29.8811345124283,NS
0.0,3.0,0.0,1.0,0.0,1.0,0.0,16.1,24.0,NS
0.0,3.0,1.0,1.0,0.0,1.0,0.0,16.1,19.0,NS
0.0,3.0,1.0,3.0,0.0,0.0,0.0,7.75,29.8811345124283,NS
0.0,3.0,1.0,1.0,0.0,0.0,0.0,8.05,29.8811345124283,NS
0.0,3.0,1.0,1.0,0.0,0.0,0.0,8.05,29.8811345124283,NS
0.0,3.0,0.0,1.0,0.0,0.0,0.0,8.05,55.5,NS
0.0,3.0,0.0,3.0,0.0,0.0,0.0,7.75,29.8811345124283,NS
1.0,3.0,0.0,1.0,0.0,0.0,0.0,7.775,21.0,S
0.0,3.0,0.0,1.0,0.0,0.0,0.0,8.05,29.8811345124283,NS
0.0,3.0,0.0,1.0,0.0,0.0,0.0,7.8958,24.0,NS
0.0,3.0,0.0,1.0,0.0,0.0,0.0,7.8958,21.0,NS
0.0,3.0,0.0,1.0,0.0,0.0,0.0,7.8958,28.0,NS
0.0,3.0,0.0,1.0,0.0,0.0,0.0,7.8958,29.8811345124283,NS
1.0,3.0,1.0,3.0,0.0,0.0,0.0,7.8792,29.8811345124283,S
0.0,3.0,0.0,1.0,6.0,0.0,0.0,7.65,25.0,NS
1.0,3.0,0.0,1.0,5.0,0.0,1.0,12.475,6.0,S
1.0,3.0,1.0,1.0,5.0,0.0,1.0,12.475,27.0,S
0.0,3.0,0.0,1.0,0.0,0.0,0.0,8.05,29.8811345124283,NS
1.0,3.0,1.0,3.0,0.0,1.0,0.0,24.15,29.8811345124283,S
0.0,3.0,0.0,3.0,0.0,1.0,0.0,24.15,29.8811345124283,NS
0.0,3.0,0.0,3.0,0.0,0.0,0.0,8.4583,29.8811345124283,NS
0.0,3.0,0.0,1.0,0.0,0.0,0.0,8.05,34.0,NS
0.0,3.0,0.0,3.0,0.0,0.0,0.0,7.75,29.8811345124283,NS
1.0,3.0,0.0,1.0,0.0,0.0,0.0,7.775,29.8811345124283,S
1.0,3.0,0.0,2.0,0.0,1.0,1.0,15.2458,29.8811345124283,S
1.0,3.0,0.0,2.0,0.0,1.0,1.0,15.2458,29.8811345124283,S
1.0,3.0,1.0,2.0,0.0,0.0,2.0,15.2458,29.8811345124283,S
1.0,3.0,1.0,2.0,0.0,0.0,0.0,7.2292,29.8811345124283,S
0.0,3.0,0.0,1.0,0.0,0.0,0.0,8.05,29.8811345124283,NS
1.0,3.0,1.0,3.0,0.0,0.0,0.0,7.7333,29.8811345124283,S
1.0,3.0,1.0,3.0,0.0,0.0,0.0,7.75,24.0,S
0.0,3.0,0.0,1.0,0.0,0.0,0.0,8.05,29.8811345124283,NS
1.0,3.0,1.0,3.0,0.0,1.0,0.0,15.5,29.8811345124283,S
1.0,3.0,1.0,3.0,0.0,1.0,0.0,15.5,29.8811345124283,S
1.0,3.0,1.0,3.0,0.0,0.0,0.0,15.5,29.8811345124283,S
0.0,3.0,0.0,1.0,0.0,0.0,0.0,7.75,18.0,NS
0.0,3.0,0.0,1.0,0.0,0.0,0.0,7.8958,22.0,NS
1.0,3.0,1.0,2.0,0.0,0.0,0.0,7.225,15.0,S
1.0,3.0,1.0,2.0,0.0,0.0,2.0,15.7417,1.0,S
1.0,3.0,0.0,2.0,0.0,1.0,1.0,15.7417,20.0,S
1.0,3.0,1.0,2.0,0.0,1.0,1.0,15.7417,19.0,S
0.0,3.0,0.0,1.0,0.0,0.0,0.0,8.05,33.0,NS
0.0,3.0,0.0,1.0,0.0,0.0,0.0,7.8958,29.8811345124283,NS
0.0,3.0,0.0,2.0,0.0,0.0,0.0,7.2292,29.8811345124283,NS
0.0,3.0,1.0,3.0,0.0,0.0,0.0,7.75,29.8811345124283,NS
0.0,3.0,0.0,1.0,0.0,0.0,0.0,7.8958,29.8811345124283,NS
1.0,3.0,0.0,2.0,0.0,1.0,0.0,11.2417,12.0,S
1.0,3.0,1.0,2.0,0.0,1.0,0.0,11.2417,14.0,S
0.0,3.0,1.0,1.0,0.0,0.0,0.0,7.925,29.0,NS
0.0,3.0,0.0,1.0,0.0,0.0,0.0,8.05,28.0,NS
1.0,3.0,1.0,1.0,0.0,0.0,0.0,7.775,18.0,S
1.0,3.0,1.0,1.0,0.0,0.0,0.0,7.8542,26.0,S
0.0,3.0,0.0,1.0,0.0,0.0,0.0,7.8542,21.0,NS
0.0,3.0,0.0,1.0,0.0,0.0,0.0,7.125,41.0,NS
1.0,3.0,0.0,1.0,0.0,0.0,0.0,7.925,39.0,S
0.0,3.0,0.0,1.0,0.0,0.0,0.0,7.8,21.0,NS
0.0,3.0,0.0,2.0,0.0,0.0,0.0,7.2292,28.5,NS
1.0,3.0,1.0,1.0,0.0,0.0,0.0,7.75,22.0,S
0.0,3.0,0.0,1.0,0.0,0.0,0.0,6.2375,61.0,NS
0.0,3.0,0.0,3.0,0.0,1.0,0.0,15.5,29.8811345124283,NS
0.0,3.0,0.0,3.0,0.0,0.0,0.0,7.8292,29.8811345124283,NS
1.0,3.0,1.0,3.0,0.0,1.0,0.0,15.5,29.8811345124283,S
0.0,3.0,0.0,3.0,0.0,0.0,0.0,7.7333,29.8811345124283,NS
0.0,3.0,0.0,3.0,0.0,0.0,0.0,7.75,29.8811345124283,NS
0.0,3.0,0.0,3.0,0.0,0.0,0.0,7.75,29.8811345124283,NS
0.0,3.0,0.0,1.0,0.0,0.0,0.0,9.225,23.0,NS
0.0,3.0,1.0,3.0,0.0,0.0,0.0,7.75,29.8811345124283,NS
1.0,3.0,1.0,3.0,0.0,0.0,0.0,7.75,29.8811345124283,S
1.0,3.0,1.0,3.0,0.0,0.0,0.0,7.8792,29.8811345124283,S
1.0,3.0,1.0,1.0,0.0,0.0,0.0,7.775,22.0,S
1.0,3.0,0.0,3.0,0.0,0.0,0.0,7.75,29.8811345124283,S
1.0,3.0,1.0,3.0,0.0,0.0,0.0,7.8292,29.8811345124283,S
1.0,3.0,0.0,1.0,0.0,0.0,1.0,3.1708,9.0,S
0.0,3.0,0.0,1.0,0.0,0.0,0.0,22.525,28.0,NS
0.0,3.0,0.0,1.0,0.0,0.0,1.0,8.4042,42.0,NS
0.0,3.0,0.0,1.0,0.0,0.0,0.0,7.3125,29.8811345124283,NS
0.0,3.0,1.0,1.0,0.0,0.0,0.0,7.8542,31.0,NS
0.0,3.0,0.0,1.0,0.0,0.0,0.0,7.8542,28.0,NS
1.0,3.0,0.0,1.0,0.0,0.0,0.0,7.775,32.0,S
0.0,3.0,0.0,1.0,0.0,0.0,0.0,9.225,20.0,NS
0.0,3.0,1.0,1.0,0.0,0.0,0.0,8.6625,23.0,NS
0.0,3.0,1.0,1.0,0.0,0.0,0.0,8.6625,20.0,NS
0.0,3.0,0.0,1.0,0.0,0.0,0.0,8.6625,20.0,NS
0.0,3.0,0.0,1.0,0.0,0.0,0.0,9.2167,16.0,NS
1.0,3.0,1.0,1.0,0.0,0.0,0.0,8.6833,31.0,S
0.0,3.0,1.0,3.0,0.0,0.0,0.0,7.6292,29.8811345124283,NS
0.0,3.0,0.0,1.0,0.0,3.0,1.0,21.075,2.0,NS
0.0,3.0,0.0,1.0,0.0,3.0,1.0,21.075,6.0,NS
0.0,3.0,1.0,1.0,0.0,3.0,1.0,21.075,3.0,NS
0.0,3.0,1.0,1.0,0.0,3.0,1.0,21.075,8.0,NS
0.0,3.0,1.0,1.0,0.0,0.0,4.0,21.075,29.0,NS
0.0,3.0,0.0,1.0,0.0,4.0,1.0,39.6875,1.0,NS
0.0,3.0,0.0,1.0,0.0,4.0,1.0,39.6875,7.0,NS
0.0,3.0,0.0,1.0,0.0,4.0,1.0,39.6875,2.0,NS
0.0,3.0,0.0,1.0,0.0,4.0,1.0,39.6875,16.0,NS
0.0,3.0,0.0,1.0,0.0,4.0,1.0,39.6875,14.0,NS
0.0,3.0,1.0,1.0,0.0,0.0,5.0,39.6875,41.0,NS
0.0,3.0,0.0,1.0,0.0,0.0,0.0,8.6625,21.0,NS
0.0,3.0,0.0,1.0,0.0,0.0,0.0,14.5,19.0,NS
0.0,3.0,0.0,2.0,0.0,0.0,0.0,8.7125,29.8811345124283,NS
0.0,3.0,0.0,1.0,0.0,0.0,0.0,7.8958,32.0,NS
0.0,3.0,0.0,1.0,0.0,1.0,1.0,13.775,0.75,NS
0.0,3.0,1.0,1.0,0.0,1.0,1.0,13.775,3.0,NS
0.0,3.0,1.0,1.0,0.0,0.0,2.0,13.775,26.0,NS
0.0,3.0,0.0,1.0,0.0,0.0,0.0,7.0,29.8811345124283,NS
0.0,3.0,0.0,1.0,0.0,0.0,0.0,7.775,29.8811345124283,NS
0.0,3.0,0.0,1.0,0.0,0.0,0.0,8.05,29.8811345124283,NS
0.0,3.0,0.0,1.0,0.0,0.0,0.0,7.925,21.0,NS
0.0,3.0,0.0,1.0,0.0,0.0,0.0,7.925,25.0,NS
0.0,3.0,0.0,1.0,0.0,0.0,0.0,7.25,22.0,NS
1.0,3.0,0.0,1.0,0.0,1.0,0.0,7.775,25.0,S
1.0,3.0,0.0,2.0,0.0,1.0,1.0,22.3583,29.8811345124283,S
1.0,3.0,1.0,2.0,6.0,1.0,1.0,22.3583,29.8811345124283,S
1.0,3.0,1.0,2.0,0.0,0.0,2.0,22.3583,29.8811345124283,S
0.0,3.0,1.0,3.0,0.0,0.0,0.0,8.1375,29.8811345124283,NS
0.0,3.0,0.0,1.0,0.0,0.0,0.0,8.05,24.0,NS
0.0,3.0,1.0,1.0,0.0,0.0,0.0,7.8958,28.0,NS
0.0,3.0,0.0,1.0,0.0,0.0,0.0,7.8958,19.0,NS
0.0,3.0,0.0,1.0,0.0,0.0,0.0,7.8958,29.8811345124283,NS
0.0,3.0,0.0,1.0,0.0,1.0,0.0,7.775,25.0,NS
0.0,3.0,1.0,1.0,0.0,0.0,0.0,7.775,18.0,NS
1.0,3.0,0.0,1.0,5.0,0.0,0.0,8.05,32.0,S
0.0,3.0,0.0,1.0,0.0,0.0,0.0,7.8958,29.8811345124283,NS
0.0,3.0,0.0,1.0,0.0,0.0,0.0,8.6625,17.0,NS
0.0,3.0,0.0,1.0,0.0,0.0,0.0,8.6625,24.0,NS
0.0,3.0,0.0,1.0,0.0,0.0,0.0,7.8958,29.8811345124283,NS
0.0,3.0,1.0,1.0,0.0,0.0,0.0,8.1125,29.8811345124283,NS
0.0,3.0,0.0,2.0,0.0,0.0,0.0,7.2292,29.8811345124283,NS
0.0,3.0,0.0,1.0,0.0,0.0,0.0,7.25,29.8811345124283,NS
0.0,3.0,0.0,1.0,0.0,0.0,0.0,7.8958,38.0,NS
0.0,3.0,0.0,1.0,0.0,0.0,0.0,8.05,21.0,NS
0.0,3.0,0.0,3.0,0.0,4.0,1.0,29.125,10.0,NS
0.0,3.0,0.0,3.0,0.0,4.0,1.0,29.125,4.0,NS
0.0,3.0,0.0,3.0,0.0,4.0,1.0,29.125,7.0,NS
0.0,3.0,0.0,3.0,0.0,4.0,1.0,29.125,2.0,NS
0.0,3.0,0.0,3.0,0.0,4.0,1.0,29.125,8.0,NS
0.0,3.0,1.0,3.0,0.0,0.0,5.0,29.125,39.0,NS
0.0,3.0,1.0,1.0,0.0,0.0,0.0,39.6875,22.0,NS
0.0,3.0,0.0,1.0,0.0,0.0,0.0,7.125,35.0,NS
1.0,3.0,1.0,3.0,0.0,0.0,0.0,7.7208,29.8811345124283,S
0.0,3.0,0.0,1.0,0.0,0.0,0.0,14.5,29.8811345124283,NS
0.0,3.0,1.0,1.0,0.0,0.0,0.0,14.5,29.8811345124283,NS
0.0,3.0,0.0,1.0,0.0,1.0,0.0,14.5,50.0,NS
0.0,3.0,1.0,1.0,0.0,1.0,0.0,14.5,47.0,NS
0.0,3.0,0.0,1.0,0.0,0.0,0.0,8.05,29.8811345124283,NS
0.0,3.0,0.0,1.0,0.0,0.0,0.0,7.775,29.8811345124283,NS
0.0,3.0,1.0,1.0,0.0,1.0,1.0,20.2125,2.0,NS
0.0,3.0,0.0,1.0,0.0,1.0,1.0,20.2125,18.0,NS
0.0,3.0,1.0,1.0,0.0,0.0,2.0,20.2125,41.0,NS
1.0,3.0,1.0,1.0,0.0,0.0,0.0,8.05,29.8811345124283,S
0.0,3.0,0.0,1.0,0.0,0.0,0.0,8.05,50.0,NS
0.0,3.0,0.0,1.0,0.0,0.0,0.0,8.05,16.0,NS
1.0,3.0,0.0,3.0,0.0,0.0,0.0,7.75,29.8811345124283,S
0.0,3.0,0.0,3.0,0.0,0.0,0.0,24.15,29.8811345124283,NS
0.0,3.0,0.0,2.0,0.0,0.0,0.0,7.2292,29.8811345124283,NS
0.0,3.0,0.0,2.0,0.0,0.0,0.0,7.225,25.0,NS
0.0,3.0,0.0,2.0,0.0,0.0,0.0,7.225,29.8811345124283,NS
0.0,3.0,0.0,3.0,0.0,0.0,0.0,7.7292,29.8811345124283,NS
0.0,3.0,0.0,1.0,0.0,0.0,0.0,7.575,29.8811345124283,NS
0.0,3.0,0.0,1.0,0.0,0.0,0.0,7.25,38.5,NS
0.0,3.0,0.0,1.0,0.0,8.0,2.0,69.55,29.8811345124283,NS
0.0,3.0,0.0,1.0,0.0,8.0,2.0,69.55,14.5,NS
0.0,3.0,1.0,1.0,0.0,8.0,2.0,69.55,29.8811345124283,NS
0.0,3.0,1.0,1.0,0.0,8.0,2.0,69.55,29.8811345124283,NS
0.0,3.0,1.0,1.0,0.0,8.0,2.0,69.55,29.8811345124283,NS
0.0,3.0,1.0,1.0,0.0,8.0,2.0,69.55,29.8811345124283,NS
0.0,3.0,0.0,1.0,0.0,8.0,2.0,69.55,29.8811345124283,NS
0.0,3.0,0.0,1.0,0.0,8.0,2.0,69.55,29.8811345124283,NS
0.0,3.0,0.0,1.0,0.0,8.0,2.0,69.55,29.8811345124283,NS
0.0,3.0,0.0,1.0,0.0,1.0,9.0,69.55,29.8811345124283,NS
0.0,3.0,1.0,1.0,0.0,1.0,9.0,69.55,29.8811345124283,NS
0.0,3.0,0.0,1.0,0.0,0.0,0.0,9.325,24.0,NS
1.0,3.0,1.0,1.0,0.0,0.0,0.0,7.65,21.0,S
0.0,3.0,0.0,1.0,0.0,0.0,0.0,7.925,39.0,NS
0.0,3.0,0.0,2.0,0.0,2.0,0.0,21.6792,29.8811345124283,NS
0.0,3.0,0.0,2.0,0.0,2.0,0.0,21.6792,29.8811345124283,NS
0.0,3.0,0.0,2.0,0.0,2.0,0.0,21.6792,29.8811345124283,NS
1.0,3.0,1.0,1.0,7.0,1.0,1.0,16.7,1.0,S
1.0,3.0,1.0,1.0,7.0,0.0,2.0,16.7,24.0,S
1.0,3.0,1.0,1.0,7.0,1.0,1.0,16.7,4.0,S
1.0,3.0,0.0,1.0,0.0,0.0,0.0,9.5,25.0,S
0.0,3.0,0.0,1.0,0.0,0.0,0.0,8.05,20.0,NS
0.0,3.0,0.0,1.0,0.0,0.0,0.0,8.05,24.5,NS
0.0,3.0,0.0,3.0,0.0,0.0,0.0,7.725,29.8811345124283,NS
0.0,3.0,0.0,1.0,0.0,0.0,0.0,7.8958,29.8811345124283,NS
0.0,3.0,0.0,3.0,0.0,0.0,0.0,7.75,29.8811345124283,NS
1.0,3.0,0.0,1.0,0.0,0.0,0.0,9.5,29.0,S
0.0,3.0,0.0,1.0,0.0,0.0,0.0,15.1,29.8811345124283,NS
1.0,3.0,1.0,3.0,0.0,0.0,0.0,7.7792,29.8811345124283,S
0.0,3.0,0.0,1.0,0.0,0.0,0.0,8.05,29.8811345124283,NS
0.0,3.0,0.0,1.0,0.0,0.0,0.0,8.05,29.8811345124283,NS
0.0,3.0,0.0,2.0,0.0,0.0,0.0,7.2292,22.0,NS
0.0,3.0,0.0,1.0,0.0,0.0,0.0,8.05,29.8811345124283,NS
0.0,3.0,0.0,1.0,0.0,0.0,0.0,7.8958,40.0,NS
0.0,3.0,0.0,1.0,0.0,0.0,0.0,7.925,21.0,NS
1.0,3.0,1.0,1.0,0.0,0.0,0.0,7.4958,18.0,S
0.0,3.0,0.0,1.0,0.0,3.0,2.0,27.9,4.0,NS
0.0,3.0,0.0,1.0,0.0,3.0,2.0,27.9,10.0,NS
0.0,3.0,1.0,1.0,0.0,3.0,2.0,27.9,9.0,NS
0.0,3.0,1.0,1.0,0.0,3.0,2.0,27.9,2.0,NS
0.0,3.0,0.0,1.0,0.0,1.0,4.0,27.9,40.0,NS
0.0,3.0,1.0,1.0,0.0,1.0,4.0,27.9,45.0,NS
0.0,3.0,0.0,1.0,0.0,0.0,0.0,7.8958,29.8811345124283,NS
0.0,3.0,0.0,1.0,0.0,0.0,0.0,8.05,29.8811345124283,NS
0.0,3.0,0.0,1.0,0.0,0.0,0.0,8.6625,29.8811345124283,NS
0.0,3.0,0.0,3.0,0.0,0.0,0.0,7.75,29.8811345124283,NS
1.0,3.0,1.0,3.0,0.0,0.0,0.0,7.7333,29.8811345124283,S
0.0,3.0,0.0,1.0,6.0,0.0,0.0,7.65,19.0,NS
0.0,3.0,0.0,1.0,0.0,0.0,0.0,8.05,30.0,NS
0.0,3.0,0.0,1.0,0.0,0.0,0.0,8.05,29.8811345124283,NS
0.0,3.0,0.0,1.0,0.0,0.0,0.0,8.05,32.0,NS
0.0,3.0,0.0,1.0,0.0,0.0,0.0,7.8958,29.8811345124283,NS
0.0,3.0,0.0,2.0,0.0,0.0,0.0,8.6625,33.0,NS
1.0,3.0,1.0,1.0,0.0,0.0,0.0,7.55,23.0,S
0.0,3.0,0.0,1.0,0.0,0.0,0.0,8.05,21.0,NS
0.0,3.0,0.0,1.0,0.0,0.0,0.0,33.29547928134557,60.5,NS
0.0,3.0,0.0,1.0,0.0,0.0,0.0,7.8958,19.0,NS
0.0,3.0,1.0,1.0,0.0,0.0,0.0,9.8375,22.0,NS
1.0,3.0,0.0,1.0,0.0,0.0,0.0,7.925,31.0,S
0.0,3.0,0.0,1.0,0.0,0.0,0.0,8.6625,27.0,NS
0.0,3.0,1.0,1.0,7.0,0.0,1.0,10.4625,2.0,NS
0.0,3.0,1.0,1.0,7.0,1.0,1.0,10.4625,29.0,NS
1.0,3.0,0.0,1.0,0.0,0.0,0.0,8.05,16.0,S
1.0,3.0,0.0,1.0,0.0,0.0,0.0,7.925,44.0,S
0.0,3.0,0.0,1.0,0.0,0.0,0.0,7.05,25.0,NS
0.0,3.0,0.0,1.0,0.0,0.0,0.0,7.775,74.0,NS
1.0,3.0,0.0,1.0,0.0,0.0,0.0,9.225,14.0,S
0.0,3.0,0.0,1.0,0.0,0.0,0.0,7.7958,24.0,NS
1.0,3.0,0.0,1.0,0.0,0.0,0.0,7.7958,25.0,S
0.0,3.0,0.0,1.0,0.0,0.0,0.0,8.05,34.0,NS
1.0,3.0,0.0,2.0,0.0,0.0,1.0,8.5167,0.4167,S
0.0,3.0,0.0,2.0,0.0,1.0,0.0,6.4375,29.8811345124283,NS
0.0,3.0,0.0,2.0,0.0,0.0,0.0,6.4375,29.8811345124283,NS
0.0,3.0,0.0,2.0,0.0,0.0,0.0,7.225,29.8811345124283,NS
1.0,3.0,1.0,2.0,0.0,1.0,1.0,8.5167,16.0,S
0.0,3.0,0.0,1.0,0.0,0.0,0.0,8.05,29.8811345124283,NS
0.0,3.0,0.0,1.0,0.0,1.0,0.0,16.1,29.8811345124283,NS
1.0,3.0,1.0,1.0,0.0,1.0,0.0,16.1,29.8811345124283,S
0.0,3.0,0.0,1.0,0.0,0.0,0.0,7.925,32.0,NS
0.0,3.0,0.0,3.0,6.0,0.0,0.0,7.75,29.8811345124283,NS
0.0,3.0,0.0,1.0,0.0,0.0,0.0,7.8958,29.8811345124283,NS
0.0,3.0,0.0,1.0,0.0,0.0,0.0,8.05,30.5,NS
0.0,3.0,0.0,1.0,0.0,0.0,0.0,8.05,44.0,NS
0.0,3.0,0.0,2.0,0.0,0.0,0.0,7.2292,29.8811345124283,NS
1.0,3.0,0.0,1.0,0.0,0.0,0.0,0.0,25.0,S
0.0,3.0,0.0,2.0,0.0,0.0,0.0,7.2292,29.8811345124283,NS
1.0,3.0,0.0,2.0,0.0,1.0,1.0,15.2458,7.0,S
1.0,3.0,1.0,2.0,0.0,1.0,1.0,15.2458,9.0,S
1.0,3.0,1.0,2.0,0.0,0.0,2.0,15.2458,29.0,S
0.0,3.0,0.0,1.0,0.0,0.0,0.0,7.8958,36.0,NS
1.0,3.0,1.0,1.0,0.0,0.0,0.0,9.8417,18.0,S
1.0,3.0,1.0,1.0,0.0,0.0,0.0,9.5875,63.0,S
0.0,3.0,0.0,1.0,0.0,1.0,1.0,14.5,29.8811345124283,NS
0.0,3.0,0.0,1.0,0.0,1.0,1.0,14.5,11.5,NS
0.0,3.0,0.0,1.0,0.0,0.0,2.0,14.5,40.5,NS
0.0,3.0,1.0,1.0,0.0,0.0,2.0,24.15,10.0,NS
0.0,3.0,0.0,1.0,0.0,1.0,1.0,24.15,36.0,NS
0.0,3.0,1.0,1.0,0.0,1.0,1.0,24.15,30.0,NS
0.0,3.0,0.0,1.0,0.0,0.0,0.0,9.5,29.8811345124283,NS
0.0,3.0,0.0,1.0,0.0,0.0,0.0,9.5,33.0,NS
0.0,3.0,0.0,1.0,0.0,0.0,0.0,9.5,28.0,NS
0.0,3.0,0.0,1.0,0.0,0.0,0.0,9.5,28.0,NS
0.0,3.0,0.0,1.0,0.0,0.0,0.0,9.0,47.0,NS
0.0,3.0,1.0,1.0,0.0,2.0,0.0,18.0,18.0,NS
0.0,3.0,0.0,1.0,0.0,3.0,0.0,18.0,31.0,NS
0.0,3.0,0.0,1.0,0.0,2.0,0.0,18.0,16.0,NS
0.0,3.0,1.0,1.0,0.0,1.0,0.0,18.0,31.0,NS
1.0,3.0,0.0,2.0,0.0,0.0,0.0,7.225,22.0,S
0.0,3.0,0.0,1.0,0.0,0.0,0.0,7.8542,20.0,NS
0.0,3.0,1.0,1.0,0.0,0.0,0.0,7.8542,14.0,NS
0.0,3.0,0.0,1.0,0.0,0.0,0.0,7.8958,22.0,NS
0.0,3.0,0.0,1.0,0.0,0.0,0.0,9.0,22.0,NS
0.0,3.0,0.0,1.0,0.0,0.0,0.0,8.05,29.8811345124283,NS
0.0,3.0,0.0,1.0,0.0,0.0,0.0,7.55,29.8811345124283,NS
0.0,3.0,0.0,1.0,0.0,0.0,0.0,8.05,29.8811345124283,NS
0.0,3.0,0.0,1.0,0.0,0.0,0.0,9.5,32.5,NS
1.0,3.0,1.0,2.0,0.0,0.0,0.0,7.2292,38.0,S
0.0,3.0,0.0,1.0,0.0,0.0,0.0,7.75,51.0,NS
0.0,3.0,0.0,1.0,0.0,1.0,0.0,6.4958,18.0,NS
0.0,3.0,0.0,1.0,0.0,1.0,0.0,6.4958,21.0,NS
1.0,3.0,1.0,1.0,0.0,1.0,0.0,7.0,47.0,S
0.0,3.0,0.0,1.0,0.0,0.0,0.0,8.7125,29.8811345124283,NS
0.0,3.0,0.0,1.0,0.0,0.0,0.0,7.55,29.8811345124283,NS
0.0,3.0,0.0,1.0,0.0,0.0,0.0,8.05,29.8811345124283,NS
0.0,3.0,0.0,1.0,0.0,0.0,0.0,16.1,28.5,NS
0.0,3.0,0.0,1.0,0.0,0.0,0.0,7.25,21.0,NS
0.0,3.0,0.0,1.0,0.0,0.0,0.0,8.6625,27.0,NS
0.0,3.0,0.0,1.0,0.0,0.0,0.0,7.25,29.8811345124283,NS
0.0,3.0,0.0,1.0,0.0,0.0,0.0,9.5,36.0,NS
0.0,3.0,0.0,2.0,0.0,1.0,0.0,14.4542,27.0,NS
1.0,3.0,1.0,2.0,0.0,1.0,0.0,14.4542,15.0,S
0.0,3.0,0.0,2.0,0.0,0.0,0.0,7.225,45.5,NS
0.0,3.0,0.0,2.0,0.0,0.0,0.0,7.225,29.8811345124283,NS
0.0,3.0,0.0,2.0,0.0,0.0,0.0,14.4583,29.8811345124283,NS
0.0,3.0,1.0,2.0,0.0,1.0,0.0,14.4542,14.5,NS
0.0,3.0,1.0,2.0,0.0,1.0,0.0,14.4542,29.8811345124283,NS
0.0,3.0,0.0,2.0,0.0,0.0,0.0,7.225,26.5,NS
0.0,3.0,0.0,2.0,0.0,0.0,0.0,7.225,27.0,NS
0.0,3.0,0.0,1.0,0.0,0.0,0.0,7.875,29.0,NS
,,,,0.0,0.0,0.0,33.29547928134557,29.8811345124283,NS
